Call number,Customer ID,Duration,Representative,Date of Call,Purchase,Rating,Month,Customer ID.1,Gender,Age,City
Call_7271,C0003,116.0,R05,2023-01-01,128.0,5,January,C0003,Male,26.0,Cincinnati
Call_7272,C0004,119.0,R05,2023-01-01,135.0,3,January,C0004,Male,36.0,Cincinnati
Call_7273,C0005,68.0,R02,2023-01-01,66.0,5,January,C0005,Male,37.0,Columbus
Call_7274,C0014,119.0,R02,2023-01-01,22.0,3,January,C0014,Female,38.0,Columbus
Call_7275,C0011,128.0,R01,2023-01-02,31.0,3,January,C0011,Female,30.0,Cincinnati
Call_7276,C0011,49.0,R02,2023-01-03,135.0,5,January,C0011,Female,30.0,Cincinnati
Call_7277,C0007,84.0,R05,2023-01-03,60.0,5,January,C0007,Female,22.0,Cleveland
Call_7278,C0003,103.0,R04,2023-01-03,148.0,4,January,C0003,Male,26.0,Cincinnati
Call_7279,C0005,31.0,R02,2023-01-03,135.0,4,January,C0005,Male,37.0,Columbus
Call_7280,C0010,44.0,R03,2023-01-03,105.0,3,January,C0010,Female,30.0,Cleveland
Call_7281,C0011,102.0,R02,2023-01-03,96.50402414486922,5,January,C0011,Female,30.0,Cincinnati
Call_7282,C0013,135.0,R05,2023-01-03,46.0,3,January,C0013,Female,37.0,Cleveland
Call_7283,C0002,98.0,R02,2023-01-04,108.0,4,January,C0002,Male,31.0,Cleveland
Call_7284,C0010,139.0,R02,2023-01-04,96.0,4,January,C0010,Female,30.0,Cleveland
Call_7285,C0013,48.0,R01,2023-01-04,68.0,5,January,C0013,Female,37.0,Cleveland
Call_7286,C0010,176.0,R05,2023-01-05,24.0,5,January,C0010,Female,30.0,Cleveland
Call_7287,C0010,99.0,R01,2023-01-05,96.50402414486922,4,January,C0010,Female,30.0,Cleveland
Call_7288,C0009,28.0,R03,2023-01-05,28.0,4,January,C0009,Female,25.0,Columbus
Call_7289,C0007,54.0,R02,2023-01-05,170.0,4,January,C0007,Female,22.0,Cleveland
Call_7290,C0006,48.0,R05,2023-01-06,30.0,4,January,C0006,Male,23.0,Columbus
Call_7291,C0004,128.0,R05,2023-01-06,72.0,5,January,C0004,Male,36.0,Cincinnati
Call_7292,C0004,38.0,R04,2023-01-07,92.0,5,January,C0004,Male,36.0,Cincinnati
Call_7293,C0003,67.0,R04,2023-01-08,165.0,4,January,C0003,Male,26.0,Cincinnati
Call_7294,C0015,58.0,R02,2023-01-08,140.0,2,January,C0015,Female,43.0,Cleveland
Call_7295,C0010,54.0,R01,2023-01-08,111.0,3,January,C0010,Female,30.0,Cleveland
Call_7296,C0012,28.0,R05,2023-01-09,63.0,4,January,C0012,Female,28.0,Cincinnati
Call_7297,C0002,73.0,R05,2023-01-09,80.0,4,January,C0002,Male,31.0,Cleveland
Call_7298,C0011,81.0,R05,2023-01-10,50.0,5,January,C0011,Female,30.0,Cincinnati
Call_7299,C0009,31.0,R04,2023-01-10,123.0,3,January,C0009,Female,25.0,Columbus
Call_7300,C0015,155.0,R01,2023-01-10,110.0,5,January,C0015,Female,43.0,Cleveland
Call_7301,C0009,80.0,R05,2023-01-10,140.0,4,January,C0009,Female,25.0,Columbus
Call_7302,C0011,82.0,R05,2023-01-12,42.0,4,January,C0011,Female,30.0,Cincinnati
Call_7303,C0011,29.0,R01,2023-01-12,170.0,5,January,C0011,Female,30.0,Cincinnati
Call_7304,C0006,160.0,R02,2023-01-14,105.0,5,January,C0006,Male,23.0,Columbus
Call_7305,C0001,105.0,R05,2023-01-15,125.0,5,January,C0001,Male,41.0,Columbus
Call_7306,C0009,75.0,R03,2023-01-15,26.0,2,January,C0009,Female,25.0,Columbus
Call_7307,C0015,94.0,R03,2023-01-16,120.0,3,January,C0015,Female,43.0,Cleveland
Call_7308,C0004,90.0,R02,2023-01-16,132.0,3,January,C0004,Male,36.0,Cincinnati
Call_7309,C0015,81.0,R04,2023-01-17,96.50402414486922,2,January,C0015,Female,43.0,Cleveland
Call_7310,C0009,106.0,R05,2023-01-17,108.0,5,January,C0009,Female,25.0,Columbus
Call_7311,C0004,74.0,R04,2023-01-17,96.0,5,January,C0004,Male,36.0,Cincinnati
Call_7312,C0010,105.0,R02,2023-01-18,80.0,5,January,C0010,Female,30.0,Cleveland
Call_7313,C0009,89.0,R05,2023-01-18,155.0,4,January,C0009,Female,25.0,Columbus
Call_7314,C0013,132.0,R03,2023-01-18,168.0,4,January,C0013,Female,37.0,Cleveland
Call_7315,C0001,105.0,R01,2023-01-18,56.0,4,January,C0001,Male,41.0,Columbus
Call_7316,C0011,13.0,R03,2023-01-19,32.0,4,January,C0011,Female,30.0,Cincinnati
Call_7317,C0014,131.0,R01,2023-01-19,78.0,4,January,C0014,Female,38.0,Columbus
Call_7318,C0004,104.0,R05,2023-01-19,96.50402414486922,4,January,C0004,Male,36.0,Cincinnati
Call_7319,C0003,90.0,R02,2023-01-20,64.0,4,January,C0003,Male,26.0,Cincinnati
Call_7320,C0012,37.0,R02,2023-01-20,96.0,4,January,C0012,Female,28.0,Cincinnati
Call_7321,C0002,89.79759519038076,R01,2023-01-20,72.0,4,January,C0002,Male,31.0,Cleveland
Call_7322,C0013,100.0,R04,2023-01-21,135.0,4,January,C0013,Female,37.0,Cleveland
Call_7323,C0013,79.0,R03,2023-01-21,140.0,4,January,C0013,Female,37.0,Cleveland
Call_7324,C0008,157.0,R01,2023-01-21,69.0,4,January,C0008,Female,42.0,Cleveland
Call_7325,C0013,59.0,R05,2023-01-22,96.50402414486922,5,January,C0013,Female,37.0,Cleveland
Call_7326,C0012,89.79759519038076,R01,2023-01-22,28.0,4,January,C0012,Female,28.0,Cincinnati
Call_7327,C0008,58.0,R02,2023-01-23,135.0,3,January,C0008,Female,42.0,Cleveland
Call_7328,C0015,118.0,R02,2023-01-23,126.0,4,January,C0015,Female,43.0,Cleveland
Call_7329,C0011,63.0,R05,2023-01-23,160.0,4,January,C0011,Female,30.0,Cincinnati
Call_7330,C0008,95.0,R02,2023-01-24,48.0,5,January,C0008,Female,42.0,Cleveland
Call_7331,C0013,74.0,R01,2023-01-24,66.0,4,January,C0013,Female,37.0,Cleveland
Call_7332,C0010,130.0,R04,2023-01-24,96.50402414486922,2,January,C0010,Female,30.0,Cleveland
Call_7333,C0015,110.0,R03,2023-01-24,96.0,5,January,C0015,Female,43.0,Cleveland
Call_7334,C0013,71.0,R05,2023-01-25,90.0,4,January,C0013,Female,37.0,Cleveland
Call_7335,C0001,147.0,R04,2023-01-25,105.0,4,January,C0001,Male,41.0,Columbus
Call_7336,C0004,69.0,R02,2023-01-26,40.0,4,January,C0004,Male,36.0,Cincinnati
Call_7337,C0015,50.0,R05,2023-01-26,60.0,2,January,C0015,Female,43.0,Cleveland
Call_7338,C0010,124.0,R04,2023-01-27,215.0,4,January,C0010,Female,30.0,Cleveland
Call_7339,C0005,81.0,R01,2023-01-27,156.0,3,January,C0005,Male,37.0,Columbus
Call_7340,C0006,141.0,R03,2023-01-27,54.0,0,January,C0006,Male,23.0,Columbus
Call_7341,C0006,168.0,R03,2023-01-28,160.0,4,January,C0006,Male,23.0,Columbus
Call_7342,C0001,101.0,R01,2023-01-28,80.0,5,January,C0001,Male,41.0,Columbus
Call_7343,C0013,67.0,R01,2023-01-28,168.0,3,January,C0013,Female,37.0,Cleveland
Call_7344,C0008,114.0,R03,2023-01-30,42.0,3,January,C0008,Female,42.0,Cleveland
Call_7345,C0005,42.0,R01,2023-01-30,205.0,4,January,C0005,Male,37.0,Columbus
Call_7346,C0011,69.0,R03,2023-01-30,108.0,3,January,C0011,Female,30.0,Cincinnati
Call_7347,C0010,145.0,R02,2023-01-30,78.0,2,January,C0010,Female,30.0,Cleveland
Call_7348,C0004,43.0,R03,2023-01-30,23.0,5,January,C0004,Male,36.0,Cincinnati
Call_7349,C0011,62.0,R05,2023-01-31,99.0,4,January,C0011,Female,30.0,Cincinnati
Call_7350,C0009,79.0,R03,2023-02-01,148.0,4,February,C0009,Female,25.0,Columbus
Call_7351,C0010,45.0,R04,2023-02-01,34.0,4,February,C0010,Female,30.0,Cleveland
Call_7352,C0011,137.0,R03,2023-02-01,86.0,5,February,C0011,Female,30.0,Cincinnati
Call_7353,C0008,109.0,R05,2023-02-01,105.0,3,February,C0008,Female,42.0,Cleveland
Call_7354,C0004,78.0,R05,2023-02-01,62.0,3,February,C0004,Male,36.0,Cincinnati
Call_7355,C0011,137.0,R04,2023-02-01,90.0,4,February,C0011,Female,30.0,Cincinnati
Call_7356,C0014,99.0,R05,2023-02-02,112.0,5,February,C0014,Female,38.0,Columbus
Call_7357,C0015,100.0,R05,2023-02-02,135.0,4,February,C0015,Female,43.0,Cleveland
Call_7358,C0004,47.0,R02,2023-02-02,34.0,2,February,C0004,Male,36.0,Cincinnati
Call_7359,C0008,87.0,R01,2023-02-02,155.0,4,February,C0008,Female,42.0,Cleveland
Call_7360,C0014,143.0,R01,2023-02-04,124.0,5,February,C0014,Female,38.0,Columbus
Call_7361,C0015,84.0,R05,2023-02-04,195.0,4,February,C0015,Female,43.0,Cleveland
Call_7362,C0001,55.0,R01,2023-02-05,78.0,4,February,C0001,Male,41.0,Columbus
Call_7363,C0007,135.0,R04,2023-02-07,35.0,5,February,C0007,Female,22.0,Cleveland
Call_7364,C0012,152.0,R02,2023-02-07,123.0,5,February,C0012,Female,28.0,Cincinnati
Call_7365,C0005,132.0,R02,2023-02-07,43.0,5,February,C0005,Male,37.0,Columbus
Call_7366,C0006,60.0,R05,2023-02-08,69.0,4,February,C0006,Male,23.0,Columbus
Call_7367,C0012,95.0,R02,2023-02-08,130.0,5,February,C0012,Female,28.0,Cincinnati
Call_7368,C0003,96.0,R03,2023-02-08,120.0,4,February,C0003,Male,26.0,Cincinnati
Call_7369,C0001,45.0,R05,2023-02-09,84.0,5,February,C0001,Male,41.0,Columbus
Call_7370,C0003,132.0,R03,2023-02-10,112.0,4,February,C0003,Male,26.0,Cincinnati
Call_7371,C0013,95.0,R05,2023-02-10,66.0,5,February,C0013,Female,37.0,Cleveland
Call_7372,C0012,131.0,R01,2023-02-10,172.0,3,February,C0012,Female,28.0,Cincinnati
Call_7373,C0009,67.0,R04,2023-02-11,24.0,4,February,C0009,Female,25.0,Columbus
Call_7374,C0014,111.0,R01,2023-02-12,43.0,4,February,C0014,Female,38.0,Columbus
Call_7375,C0005,78.0,R02,2023-02-12,23.0,5,February,C0005,Male,37.0,Columbus
Call_7376,C0002,28.0,R03,2023-02-12,74.0,4,February,C0002,Male,31.0,Cleveland
Call_7377,C0004,127.0,R04,2023-02-13,165.0,5,February,C0004,Male,36.0,Cincinnati
Call_7378,C0015,137.0,R01,2023-02-13,34.0,3,February,C0015,Female,43.0,Cleveland
Call_7379,C0004,76.0,R03,2023-02-13,64.0,3,February,C0004,Male,36.0,Cincinnati
Call_7380,C0005,80.0,R04,2023-02-14,155.0,3,February,C0005,Male,37.0,Columbus
Call_7381,C0004,95.0,R02,2023-02-15,120.0,5,February,C0004,Male,36.0,Cincinnati
Call_7382,C0006,30.0,R03,2023-02-15,105.0,4,February,C0006,Male,23.0,Columbus
Call_7383,C0011,19.0,R01,2023-02-15,28.0,5,February,C0011,Female,30.0,Cincinnati
Call_7384,C0010,38.0,R04,2023-02-15,100.0,5,February,C0010,Female,30.0,Cleveland
Call_7385,C0013,55.0,R01,2023-02-15,23.0,4,February,C0013,Female,37.0,Cleveland
Call_7386,C0009,27.0,R03,2023-02-16,70.0,4,February,C0009,Female,25.0,Columbus
Call_7387,C0009,32.0,R03,2023-02-16,37.0,2,February,C0009,Female,25.0,Columbus
Call_7388,C0002,116.0,R05,2023-02-16,140.0,4,February,C0002,Male,31.0,Cleveland
Call_7389,C0003,99.0,R02,2023-02-16,78.0,4,February,C0003,Male,26.0,Cincinnati
Call_7390,C0004,75.0,R03,2023-02-17,21.0,4,February,C0004,Male,36.0,Cincinnati
Call_7391,C0005,57.0,R05,2023-02-17,88.0,4,February,C0005,Male,37.0,Columbus
Call_7392,C0007,155.0,R05,2023-02-18,180.0,2,February,C0007,Female,22.0,Cleveland
Call_7393,C0003,68.0,R02,2023-02-18,22.0,3,February,C0003,Male,26.0,Cincinnati
Call_7394,C0010,95.0,R02,2023-02-18,52.0,5,February,C0010,Female,30.0,Cleveland
Call_7395,C0015,65.0,R05,2023-02-19,80.0,4,February,C0015,Female,43.0,Cleveland
Call_7396,C0011,114.0,R01,2023-02-19,54.0,1,February,C0011,Female,30.0,Cincinnati
Call_7397,C0004,155.0,R01,2023-02-20,80.0,4,February,C0004,Male,36.0,Cincinnati
Call_7398,C0015,114.0,R05,2023-02-21,120.0,2,February,C0015,Female,43.0,Cleveland
Call_7399,C0007,130.0,R04,2023-02-21,150.0,1,February,C0007,Female,22.0,Cleveland
Call_7400,C0004,89.0,R05,2023-02-21,90.0,4,February,C0004,Male,36.0,Cincinnati
Call_7401,C0001,61.0,R03,2023-02-22,140.0,3,February,C0001,Male,41.0,Columbus
Call_7402,C0010,154.0,R01,2023-02-22,22.0,3,February,C0010,Female,30.0,Cleveland
Call_7403,C0015,115.0,R04,2023-02-23,150.0,4,February,C0015,Female,43.0,Cleveland
Call_7404,C0008,138.0,R02,2023-02-24,35.0,5,February,C0008,Female,42.0,Cleveland
Call_7405,C0014,153.0,R05,2023-02-24,200.0,2,February,C0014,Female,38.0,Columbus
Call_7406,C0015,61.0,R03,2023-02-25,150.0,5,February,C0015,Female,43.0,Cleveland
Call_7407,C0009,62.0,R05,2023-02-25,21.0,3,February,C0009,Female,25.0,Columbus
Call_7408,C0001,151.0,R04,2023-02-26,46.0,5,February,C0001,Male,41.0,Columbus
Call_7409,C0012,102.0,R01,2023-02-26,165.0,3,February,C0012,Female,28.0,Cincinnati
Call_7410,C0006,64.0,R05,2023-02-26,84.0,4,February,C0006,Male,23.0,Columbus
Call_7411,C0004,6.0,R01,2023-02-27,102.0,4,February,C0004,Male,36.0,Cincinnati
Call_7412,C0006,129.0,R05,2023-02-27,180.0,5,February,C0006,Male,23.0,Columbus
Call_7413,C0009,42.0,R04,2023-02-28,111.0,3,February,C0009,Female,25.0,Columbus
Call_7414,C0009,71.0,R03,2023-02-28,104.0,3,February,C0009,Female,25.0,Columbus
Call_7415,C0005,53.0,R01,2023-02-28,80.0,3,February,C0005,Male,37.0,Columbus
Call_7416,C0011,155.0,R03,2023-03-01,132.0,5,March,C0011,Female,30.0,Cincinnati
Call_7417,C0011,90.0,R04,2023-03-01,170.0,4,March,C0011,Female,30.0,Cincinnati
Call_7418,C0006,166.0,R02,2023-03-01,36.0,4,March,C0006,Male,23.0,Columbus
Call_7419,C0002,89.0,R03,2023-03-01,126.0,4,March,C0002,Male,31.0,Cleveland
Call_7420,C0015,152.0,R01,2023-03-01,215.0,4,March,C0015,Female,43.0,Cleveland
Call_7421,C0002,137.0,R04,2023-03-01,114.0,3,March,C0002,Male,31.0,Cleveland
Call_7422,C0002,43.0,R04,2023-03-01,99.0,5,March,C0002,Male,31.0,Cleveland
Call_7423,C0010,114.0,R04,2023-03-02,23.0,5,March,C0010,Female,30.0,Cleveland
Call_7424,C0014,103.0,R03,2023-03-02,75.0,3,March,C0014,Female,38.0,Columbus
Call_7425,C0002,98.0,R01,2023-03-02,100.0,4,March,C0002,Male,31.0,Cleveland
Call_7426,C0006,106.0,R02,2023-03-02,108.0,4,March,C0006,Male,23.0,Columbus
Call_7427,C0004,96.0,R02,2023-03-02,108.0,5,March,C0004,Male,36.0,Cincinnati
Call_7428,C0014,70.0,R02,2023-03-02,28.0,5,March,C0014,Female,38.0,Columbus
Call_7429,C0009,86.0,R05,2023-03-03,70.0,5,March,C0009,Female,25.0,Columbus
Call_7430,C0005,64.0,R05,2023-03-03,172.0,4,March,C0005,Male,37.0,Columbus
Call_7431,C0004,113.0,R01,2023-03-03,123.0,4,March,C0004,Male,36.0,Cincinnati
Call_7432,C0004,21.0,R02,2023-03-03,93.0,3,March,C0004,Male,36.0,Cincinnati
Call_7433,C0012,107.0,R05,2023-03-03,66.0,4,March,C0012,Female,28.0,Cincinnati
Call_7434,C0012,131.0,R02,2023-03-03,39.0,2,March,C0012,Female,28.0,Cincinnati
Call_7435,C0003,11.0,R03,2023-03-03,25.0,2,March,C0003,Male,26.0,Cincinnati
Call_7436,C0001,86.0,R01,2023-03-03,68.0,3,March,C0001,Male,41.0,Columbus
Call_7437,C0005,28.0,R03,2023-03-03,84.0,3,March,C0005,Male,37.0,Columbus
Call_7438,C0011,139.0,R02,2023-03-04,88.0,3,March,C0011,Female,30.0,Cincinnati
Call_7439,C0006,82.0,R01,2023-03-04,93.0,3,March,C0006,Male,23.0,Columbus
Call_7440,C0004,101.0,R03,2023-03-04,128.0,5,March,C0004,Male,36.0,Cincinnati
Call_7441,C0005,75.0,R04,2023-03-04,40.0,3,March,C0005,Male,37.0,Columbus
Call_7442,C0010,40.0,R03,2023-03-05,92.0,5,March,C0010,Female,30.0,Cleveland
Call_7443,C0002,86.0,R02,2023-03-05,27.0,4,March,C0002,Male,31.0,Cleveland
Call_7444,C0007,131.0,R05,2023-03-05,140.0,4,March,C0007,Female,22.0,Cleveland
Call_7445,C0012,67.0,R01,2023-03-05,40.0,5,March,C0012,Female,28.0,Cincinnati
Call_7446,C0008,71.0,R03,2023-03-05,102.0,5,March,C0008,Female,42.0,Cleveland
Call_7447,C0007,113.0,R05,2023-03-05,42.0,4,March,C0007,Female,22.0,Cleveland
Call_7448,C0006,53.0,R02,2023-03-06,210.0,4,March,C0006,Male,23.0,Columbus
Call_7449,C0007,153.0,R01,2023-03-06,34.0,3,March,C0007,Female,22.0,Cleveland
Call_7450,C0012,73.0,R04,2023-03-06,215.0,4,March,C0012,Female,28.0,Cincinnati
Call_7451,C0009,62.0,R04,2023-03-06,32.0,1,March,C0009,Female,25.0,Columbus
Call_7452,C0011,115.0,R02,2023-03-07,48.0,5,March,C0011,Female,30.0,Cincinnati
Call_7453,C0007,69.0,R02,2023-03-07,132.0,4,March,C0007,Female,22.0,Cleveland
Call_7454,C0002,103.0,R05,2023-03-07,172.0,4,March,C0002,Male,31.0,Cleveland
Call_7455,C0002,75.0,R05,2023-03-07,111.0,3,March,C0002,Male,31.0,Cleveland
Call_7456,C0013,92.0,R05,2023-03-07,58.0,4,March,C0013,Female,37.0,Cleveland
Call_7457,C0013,41.0,R04,2023-03-07,68.0,4,March,C0013,Female,37.0,Cleveland
Call_7458,C0002,134.0,R01,2023-03-07,160.0,4,March,C0002,Male,31.0,Cleveland
Call_7459,C0001,80.0,R03,2023-03-07,45.0,3,March,C0001,Male,41.0,Columbus
Call_7460,C0008,103.0,R02,2023-03-08,117.0,3,March,C0008,Female,42.0,Cleveland
Call_7461,C0006,20.0,R05,2023-03-09,22.0,2,March,C0006,Male,23.0,Columbus
Call_7462,C0008,75.0,R03,2023-03-09,195.0,3,March,C0008,Female,42.0,Cleveland
Call_7463,C0013,80.0,R01,2023-03-09,168.0,4,March,C0013,Female,37.0,Cleveland
Call_7464,C0007,85.0,R04,2023-03-10,46.0,5,March,C0007,Female,22.0,Cleveland
Call_7465,C0004,155.0,R05,2023-03-10,164.0,3,March,C0004,Male,36.0,Cincinnati
Call_7466,C0007,63.0,R04,2023-03-10,48.0,5,March,C0007,Female,22.0,Cleveland
Call_7467,C0005,105.0,R02,2023-03-10,96.0,5,March,C0005,Male,37.0,Columbus
Call_7468,C0007,71.0,R04,2023-03-10,105.0,4,March,C0007,Female,22.0,Cleveland
Call_7469,C0004,100.0,R04,2023-03-11,44.0,4,March,C0004,Male,36.0,Cincinnati
Call_7470,C0003,93.0,R01,2023-03-11,132.0,4,March,C0003,Male,26.0,Cincinnati
Call_7471,C0005,84.0,R05,2023-03-11,54.0,4,March,C0005,Male,37.0,Columbus
Call_7472,C0001,56.0,R03,2023-03-11,129.0,2,March,C0001,Male,41.0,Columbus
Call_7473,C0001,63.0,R04,2023-03-11,42.0,4,March,C0001,Male,41.0,Columbus
Call_7474,C0009,83.0,R04,2023-03-11,42.0,4,March,C0009,Female,25.0,Columbus
Call_7475,C0013,134.0,R05,2023-03-11,180.0,3,March,C0013,Female,37.0,Cleveland
Call_7476,C0011,73.0,R04,2023-03-12,34.0,5,March,C0011,Female,30.0,Cincinnati
Call_7477,C0008,6.0,R03,2023-03-12,29.0,5,March,C0008,Female,42.0,Cleveland
Call_7478,C0012,46.0,R02,2023-03-12,165.0,3,March,C0012,Female,28.0,Cincinnati
Call_7479,C0008,121.0,R04,2023-03-13,32.0,4,March,C0008,Female,42.0,Cleveland
Call_7480,C0001,61.0,R01,2023-03-13,160.0,5,March,C0001,Male,41.0,Columbus
Call_7481,C0013,144.0,R05,2023-03-13,140.0,4,March,C0013,Female,37.0,Cleveland
Call_7482,C0012,145.0,R05,2023-03-13,136.0,4,March,C0012,Female,28.0,Cincinnati
Call_7483,C0005,85.0,R03,2023-03-13,66.0,3,March,C0005,Male,37.0,Columbus
Call_7484,C0012,13.0,R01,2023-03-14,63.0,4,March,C0012,Female,28.0,Cincinnati
Call_7485,C0003,142.0,R04,2023-03-14,44.0,4,March,C0003,Male,26.0,Cincinnati
Call_7486,C0013,28.0,R02,2023-03-14,78.0,4,March,C0013,Female,37.0,Cleveland
Call_7487,C0013,119.0,R04,2023-03-14,20.0,4,March,C0013,Female,37.0,Cleveland
Call_7488,C0008,65.0,R03,2023-03-14,84.0,2,March,C0008,Female,42.0,Cleveland
Call_7489,C0002,68.0,R03,2023-03-14,32.0,5,March,C0002,Male,31.0,Cleveland
Call_7490,C0009,72.0,R02,2023-03-14,132.0,3,March,C0009,Female,25.0,Columbus
Call_7491,C0009,63.0,R05,2023-03-14,105.0,3,March,C0009,Female,25.0,Columbus
Call_7492,C0004,139.0,R04,2023-03-15,48.0,5,March,C0004,Male,36.0,Cincinnati
Call_7493,C0013,59.0,R04,2023-03-15,64.0,4,March,C0013,Female,37.0,Cleveland
Call_7494,C0006,138.0,R05,2023-03-15,44.0,4,March,C0006,Male,23.0,Columbus
Call_7495,C0004,47.0,R02,2023-03-15,120.0,3,March,C0004,Male,36.0,Cincinnati
Call_7496,C0006,74.0,R02,2023-03-15,144.0,5,March,C0006,Male,23.0,Columbus
Call_7497,C0009,65.0,R02,2023-03-15,87.0,3,March,C0009,Female,25.0,Columbus
Call_7498,C0011,123.0,R03,2023-03-15,36.0,4,March,C0011,Female,30.0,Cincinnati
Call_7499,C0009,90.0,R04,2023-03-16,72.0,5,March,C0009,Female,25.0,Columbus
Call_7500,C0001,127.0,R05,2023-03-16,150.0,4,March,C0001,Male,41.0,Columbus
Call_7501,C0014,60.0,R02,2023-03-16,68.0,4,March,C0014,Female,38.0,Columbus
Call_7502,C0004,94.0,R05,2023-03-16,99.0,5,March,C0004,Male,36.0,Cincinnati
Call_7503,C0011,54.0,R02,2023-03-16,26.0,5,March,C0011,Female,30.0,Cincinnati
Call_7504,C0009,104.0,R02,2023-03-16,88.0,3,March,C0009,Female,25.0,Columbus
Call_7505,C0007,100.0,R02,2023-03-16,124.0,3,March,C0007,Female,22.0,Cleveland
Call_7506,C0006,84.0,R02,2023-03-16,72.0,4,March,C0006,Male,23.0,Columbus
Call_7507,C0003,92.0,R01,2023-03-17,125.0,5,March,C0003,Male,26.0,Cincinnati
Call_7508,C0010,64.0,R05,2023-03-17,22.0,4,March,C0010,Female,30.0,Cleveland
Call_7509,C0005,89.0,R04,2023-03-18,70.0,5,March,C0005,Male,37.0,Columbus
Call_7510,C0015,40.0,R02,2023-03-18,24.0,4,March,C0015,Female,43.0,Cleveland
Call_7511,C0013,75.0,R03,2023-03-18,32.0,4,March,C0013,Female,37.0,Cleveland
Call_7512,C0001,106.0,R01,2023-03-18,112.0,4,March,C0001,Male,41.0,Columbus
Call_7513,C0010,58.0,R02,2023-03-19,43.0,4,March,C0010,Female,30.0,Cleveland
Call_7514,C0006,84.0,R01,2023-03-19,22.0,4,March,C0006,Male,23.0,Columbus
Call_7515,C0009,140.0,R01,2023-03-19,93.0,4,March,C0009,Female,25.0,Columbus
Call_7516,C0010,67.0,R01,2023-03-19,45.0,4,March,C0010,Female,30.0,Cleveland
Call_7517,C0004,126.0,R01,2023-03-20,96.0,4,March,C0004,Male,36.0,Cincinnati
Call_7518,C0004,89.0,R02,2023-03-20,96.0,3,March,C0004,Male,36.0,Cincinnati
Call_7519,C0005,56.0,R05,2023-03-20,31.0,4,March,C0005,Male,37.0,Columbus
Call_7520,C0011,48.0,R02,2023-03-20,200.0,4,March,C0011,Female,30.0,Cincinnati
Call_7521,C0004,55.0,R05,2023-03-20,99.0,3,March,C0004,Male,36.0,Cincinnati
Call_7522,C0014,88.0,R03,2023-03-20,144.0,3,March,C0014,Female,38.0,Columbus
Call_7523,C0005,102.0,R01,2023-03-21,81.0,4,March,C0005,Male,37.0,Columbus
Call_7524,C0014,155.0,R03,2023-03-21,70.0,4,March,C0014,Female,38.0,Columbus
Call_7525,C0004,63.0,R03,2023-03-21,148.0,5,March,C0004,Male,36.0,Cincinnati
Call_7526,C0007,59.0,R01,2023-03-21,215.0,4,March,C0007,Female,22.0,Cleveland
Call_7527,C0007,144.0,R02,2023-03-21,124.0,4,March,C0007,Female,22.0,Cleveland
Call_7528,C0006,113.0,R04,2023-03-21,168.0,4,March,C0006,Male,23.0,Columbus
Call_7529,C0012,154.0,R05,2023-03-21,90.0,4,March,C0012,Female,28.0,Cincinnati
Call_7530,C0012,58.0,R01,2023-03-22,176.0,4,March,C0012,Female,28.0,Cincinnati
Call_7531,C0011,63.0,R03,2023-03-22,87.0,5,March,C0011,Female,30.0,Cincinnati
Call_7532,C0009,59.0,R02,2023-03-22,128.0,4,March,C0009,Female,25.0,Columbus
Call_7533,C0008,129.0,R03,2023-03-22,120.0,4,March,C0008,Female,42.0,Cleveland
Call_7534,C0002,101.0,R04,2023-03-22,130.0,5,March,C0002,Male,31.0,Cleveland
Call_7535,C0015,154.0,R02,2023-03-22,172.0,3,March,C0015,Female,43.0,Cleveland
Call_7536,C0010,131.0,R02,2023-03-22,58.0,5,March,C0010,Female,30.0,Cleveland
Call_7537,C0007,111.0,R04,2023-03-23,86.0,4,March,C0007,Female,22.0,Cleveland
Call_7538,C0012,142.0,R04,2023-03-24,31.0,4,March,C0012,Female,28.0,Cincinnati
Call_7539,C0005,93.0,R03,2023-03-24,72.0,4,March,C0005,Male,37.0,Columbus
Call_7540,C0012,125.0,R05,2023-03-25,27.0,3,March,C0012,Female,28.0,Cincinnati
Call_7541,C0008,76.0,R02,2023-03-25,110.0,4,March,C0008,Female,42.0,Cleveland
Call_7542,C0006,69.0,R03,2023-03-25,126.0,4,March,C0006,Male,23.0,Columbus
Call_7543,C0009,149.0,R05,2023-03-25,60.0,4,March,C0009,Female,25.0,Columbus
Call_7544,C0012,57.0,R03,2023-03-25,35.0,4,March,C0012,Female,28.0,Cincinnati
Call_7545,C0004,113.0,R02,2023-03-25,81.0,4,March,C0004,Male,36.0,Cincinnati
Call_7546,C0003,160.0,R05,2023-03-25,116.0,3,March,C0003,Male,26.0,Cincinnati
Call_7547,C0011,158.0,R01,2023-03-25,60.0,4,March,C0011,Female,30.0,Cincinnati
Call_7548,C0006,77.0,R05,2023-03-26,130.0,4,March,C0006,Male,23.0,Columbus
Call_7549,C0013,118.0,R04,2023-03-26,99.0,5,March,C0013,Female,37.0,Cleveland
Call_7550,C0015,75.0,R02,2023-03-26,135.0,5,March,C0015,Female,43.0,Cleveland
Call_7551,C0004,103.0,R05,2023-03-26,42.0,3,March,C0004,Male,36.0,Cincinnati
Call_7552,C0006,116.0,R04,2023-03-27,63.0,3,March,C0006,Male,23.0,Columbus
Call_7553,C0007,61.0,R01,2023-03-27,140.0,2,March,C0007,Female,22.0,Cleveland
Call_7554,C0012,126.0,R02,2023-03-27,128.0,4,March,C0012,Female,28.0,Cincinnati
Call_7555,C0002,141.0,R03,2023-03-27,80.0,4,March,C0002,Male,31.0,Cleveland
Call_7556,C0011,95.0,R04,2023-03-27,28.0,3,March,C0011,Female,30.0,Cincinnati
Call_7557,C0015,39.0,R01,2023-03-28,81.0,5,March,C0015,Female,43.0,Cleveland
Call_7558,C0004,127.0,R02,2023-03-28,99.0,4,March,C0004,Male,36.0,Cincinnati
Call_7559,C0007,78.0,R02,2023-03-28,43.0,4,March,C0007,Female,22.0,Cleveland
Call_7560,C0013,40.0,R02,2023-03-28,34.0,5,March,C0013,Female,37.0,Cleveland
Call_7561,C0007,56.0,R01,2023-03-28,225.0,5,March,C0007,Female,22.0,Cleveland
Call_7562,C0015,59.0,R03,2023-03-28,210.0,4,March,C0015,Female,43.0,Cleveland
Call_7563,C0012,30.0,R02,2023-03-28,168.0,4,March,C0012,Female,28.0,Cincinnati
Call_7564,C0013,63.0,R05,2023-03-29,82.0,4,March,C0013,Female,37.0,Cleveland
Call_7565,C0005,56.0,R04,2023-03-29,88.0,4,March,C0005,Male,37.0,Columbus
Call_7566,C0008,95.0,R05,2023-03-29,111.0,3,March,C0008,Female,42.0,Cleveland
Call_7567,C0001,128.0,R03,2023-03-29,60.0,4,March,C0001,Male,41.0,Columbus
Call_7568,C0011,49.0,R05,2023-03-29,80.0,3,March,C0011,Female,30.0,Cincinnati
Call_7569,C0001,89.0,R01,2023-03-31,90.0,5,March,C0001,Male,41.0,Columbus
Call_7570,C0009,87.0,R05,2023-03-31,225.0,3,March,C0009,Female,25.0,Columbus
Call_7571,C0003,60.0,R02,2023-04-01,215.0,3,April,C0003,Male,26.0,Cincinnati
Call_7572,C0014,42.0,R01,2023-04-01,45.0,2,April,C0014,Female,38.0,Columbus
Call_7573,C0010,99.0,R02,2023-04-01,74.0,4,April,C0010,Female,30.0,Cleveland
Call_7574,C0005,20.0,R01,2023-04-01,60.0,4,April,C0005,Male,37.0,Columbus
Call_7575,C0013,65.0,R02,2023-04-01,64.0,4,April,C0013,Female,37.0,Cleveland
Call_7576,C0012,71.0,R05,2023-04-02,110.0,5,April,C0012,Female,28.0,Cincinnati
Call_7577,C0004,95.0,R03,2023-04-02,52.0,1,April,C0004,Male,36.0,Cincinnati
Call_7578,C0005,81.0,R04,2023-04-03,160.0,5,April,C0005,Male,37.0,Columbus
Call_7579,C0006,137.0,R04,2023-04-03,215.0,5,April,C0006,Male,23.0,Columbus
Call_7580,C0006,40.0,R03,2023-04-03,220.0,4,April,C0006,Male,23.0,Columbus
Call_7581,C0010,111.0,R02,2023-04-04,175.0,4,April,C0010,Female,30.0,Cleveland
Call_7582,C0012,106.0,R02,2023-04-04,145.0,4,April,C0012,Female,28.0,Cincinnati
Call_7583,C0014,133.0,R01,2023-04-04,72.0,4,April,C0014,Female,38.0,Columbus
Call_7584,C0007,38.0,R02,2023-04-05,81.0,4,April,C0007,Female,22.0,Cleveland
Call_7585,C0015,130.0,R03,2023-04-05,54.0,4,April,C0015,Female,43.0,Cleveland
Call_7586,C0013,23.0,R01,2023-04-05,105.0,5,April,C0013,Female,37.0,Cleveland
Call_7587,C0015,124.0,R02,2023-04-06,176.0,4,April,C0015,Female,43.0,Cleveland
Call_7588,C0005,107.0,R02,2023-04-06,115.0,4,April,C0005,Male,37.0,Columbus
Call_7589,C0006,60.0,R05,2023-04-06,116.0,4,April,C0006,Male,23.0,Columbus
Call_7590,C0006,158.0,R03,2023-04-06,100.0,4,April,C0006,Male,23.0,Columbus
Call_7591,C0009,110.0,R03,2023-04-07,36.0,2,April,C0009,Female,25.0,Columbus
Call_7592,C0001,70.0,R03,2023-04-07,114.0,5,April,C0001,Male,41.0,Columbus
Call_7593,C0001,150.0,R05,2023-04-07,24.0,4,April,C0001,Male,41.0,Columbus
Call_7594,C0007,36.0,R02,2023-04-07,135.0,5,April,C0007,Female,22.0,Cleveland
Call_7595,C0015,74.0,R02,2023-04-07,30.0,4,April,C0015,Female,43.0,Cleveland
Call_7596,C0004,75.0,R02,2023-04-07,84.0,3,April,C0004,Male,36.0,Cincinnati
Call_7597,C0008,70.0,R04,2023-04-07,42.0,4,April,C0008,Female,42.0,Cleveland
Call_7598,C0009,23.0,R03,2023-04-07,117.0,2,April,C0009,Female,25.0,Columbus
Call_7599,C0010,104.0,R01,2023-04-07,164.0,4,April,C0010,Female,30.0,Cleveland
Call_7600,C0001,95.0,R04,2023-04-08,123.0,4,April,C0001,Male,41.0,Columbus
Call_7601,C0011,49.0,R05,2023-04-08,172.0,3,April,C0011,Female,30.0,Cincinnati
Call_7602,C0012,8.0,R03,2023-04-08,20.0,5,April,C0012,Female,28.0,Cincinnati
Call_7603,C0001,157.0,R05,2023-04-08,72.0,4,April,C0001,Male,41.0,Columbus
Call_7604,C0005,74.0,R02,2023-04-08,32.0,5,April,C0005,Male,37.0,Columbus
Call_7605,C0009,72.0,R04,2023-04-08,140.0,3,April,C0009,Female,25.0,Columbus
Call_7606,C0005,79.0,R02,2023-04-09,120.0,5,April,C0005,Male,37.0,Columbus
Call_7607,C0015,23.0,R02,2023-04-09,86.0,2,April,C0015,Female,43.0,Cleveland
Call_7608,C0004,69.0,R02,2023-04-09,132.0,5,April,C0004,Male,36.0,Cincinnati
Call_7609,C0006,64.0,R02,2023-04-09,80.0,3,April,C0006,Male,23.0,Columbus
Call_7610,C0002,47.0,R05,2023-04-09,132.0,4,April,C0002,Male,31.0,Cleveland
Call_7611,C0005,55.0,R04,2023-04-09,27.0,4,April,C0005,Male,37.0,Columbus
Call_7612,C0010,104.0,R04,2023-04-10,68.0,4,April,C0010,Female,30.0,Cleveland
Call_7613,C0002,116.0,R02,2023-04-10,22.0,5,April,C0002,Male,31.0,Cleveland
Call_7614,C0015,99.0,R04,2023-04-10,42.0,3,April,C0015,Female,43.0,Cleveland
Call_7615,C0010,84.0,R04,2023-04-11,38.0,3,April,C0010,Female,30.0,Cleveland
Call_7616,C0012,159.0,R04,2023-04-11,42.0,4,April,C0012,Female,28.0,Cincinnati
Call_7617,C0007,25.0,R05,2023-04-11,75.0,4,April,C0007,Female,22.0,Cleveland
Call_7618,C0012,53.0,R03,2023-04-12,23.0,5,April,C0012,Female,28.0,Cincinnati
Call_7619,C0012,89.0,R05,2023-04-12,200.0,5,April,C0012,Female,28.0,Cincinnati
Call_7620,C0014,73.0,R02,2023-04-13,45.0,4,April,C0014,Female,38.0,Columbus
Call_7621,C0015,50.0,R02,2023-04-13,105.0,4,April,C0015,Female,43.0,Cleveland
Call_7622,C0011,98.0,R02,2023-04-13,22.0,4,April,C0011,Female,30.0,Cincinnati
Call_7623,C0013,114.0,R04,2023-04-14,126.0,4,April,C0013,Female,37.0,Cleveland
Call_7624,C0006,67.0,R04,2023-04-14,35.0,3,April,C0006,Male,23.0,Columbus
Call_7625,C0005,91.0,R02,2023-04-14,84.0,4,April,C0005,Male,37.0,Columbus
Call_7626,C0008,67.0,R02,2023-04-15,172.0,4,April,C0008,Female,42.0,Cleveland
Call_7627,C0013,139.0,R05,2023-04-15,114.0,4,April,C0013,Female,37.0,Cleveland
Call_7628,C0008,102.0,R05,2023-04-15,60.0,4,April,C0008,Female,42.0,Cleveland
Call_7629,C0001,108.0,R01,2023-04-15,26.0,3,April,C0001,Male,41.0,Columbus
Call_7630,C0007,66.0,R02,2023-04-15,210.0,4,April,C0007,Female,22.0,Cleveland
Call_7631,C0009,85.0,R05,2023-04-15,129.0,4,April,C0009,Female,25.0,Columbus
Call_7632,C0006,55.0,R01,2023-04-15,215.0,4,April,C0006,Male,23.0,Columbus
Call_7633,C0001,17.0,R03,2023-04-15,69.0,5,April,C0001,Male,41.0,Columbus
Call_7634,C0006,128.0,R03,2023-04-15,140.0,3,April,C0006,Male,23.0,Columbus
Call_7635,C0015,45.0,R01,2023-04-16,156.0,3,April,C0015,Female,43.0,Cleveland
Call_7636,C0001,41.0,R03,2023-04-16,164.0,3,April,C0001,Male,41.0,Columbus
Call_7637,C0002,49.0,R03,2023-04-16,195.0,3,April,C0002,Male,31.0,Cleveland
Call_7638,C0004,21.0,R04,2023-04-16,74.0,5,April,C0004,Male,36.0,Cincinnati
Call_7639,C0012,133.0,R01,2023-04-16,100.0,4,April,C0012,Female,28.0,Cincinnati
Call_7640,C0003,135.0,R02,2023-04-16,185.0,4,April,C0003,Male,26.0,Cincinnati
Call_7641,C0013,69.0,R01,2023-04-16,130.0,2,April,C0013,Female,37.0,Cleveland
Call_7642,C0010,110.0,R04,2023-04-17,21.0,3,April,C0010,Female,30.0,Cleveland
Call_7643,C0008,64.0,R05,2023-04-17,88.0,4,April,C0008,Female,42.0,Cleveland
Call_7644,C0005,105.0,R03,2023-04-17,35.0,4,April,C0005,Male,37.0,Columbus
Call_7645,C0008,165.0,R02,2023-04-17,68.0,4,April,C0008,Female,42.0,Cleveland
Call_7646,C0015,125.0,R02,2023-04-17,148.0,4,April,C0015,Female,43.0,Cleveland
Call_7647,C0005,88.0,R05,2023-04-18,81.0,4,April,C0005,Male,37.0,Columbus
Call_7648,C0013,6.0,R05,2023-04-18,75.0,4,April,C0013,Female,37.0,Cleveland
Call_7649,C0009,69.0,R01,2023-04-19,32.0,4,April,C0009,Female,25.0,Columbus
Call_7650,C0001,107.0,R01,2023-04-19,156.0,4,April,C0001,Male,41.0,Columbus
Call_7651,C0004,90.0,R02,2023-04-19,99.0,5,April,C0004,Male,36.0,Cincinnati
Call_7652,C0003,120.0,R03,2023-04-19,26.0,4,April,C0003,Male,26.0,Cincinnati
Call_7653,C0011,47.0,R01,2023-04-19,84.0,4,April,C0011,Female,30.0,Cincinnati
Call_7654,C0014,60.0,R03,2023-04-19,84.0,5,April,C0014,Female,38.0,Columbus
Call_7655,C0006,64.0,R02,2023-04-19,170.0,2,April,C0006,Male,23.0,Columbus
Call_7656,C0008,62.0,R01,2023-04-19,35.0,4,April,C0008,Female,42.0,Cleveland
Call_7657,C0010,88.0,R01,2023-04-20,35.0,4,April,C0010,Female,30.0,Cleveland
Call_7658,C0015,116.0,R01,2023-04-20,132.0,5,April,C0015,Female,43.0,Cleveland
Call_7659,C0004,82.0,R05,2023-04-21,144.0,3,April,C0004,Male,36.0,Cincinnati
Call_7660,C0008,99.0,R02,2023-04-21,48.0,5,April,C0008,Female,42.0,Cleveland
Call_7661,C0008,55.0,R05,2023-04-21,200.0,2,April,C0008,Female,42.0,Cleveland
Call_7662,C0006,61.0,R03,2023-04-21,38.0,5,April,C0006,Male,23.0,Columbus
Call_7663,C0015,36.0,R04,2023-04-21,81.0,4,April,C0015,Female,43.0,Cleveland
Call_7664,C0004,123.0,R01,2023-04-21,120.0,4,April,C0004,Male,36.0,Cincinnati
Call_7665,C0002,24.0,R03,2023-04-21,74.0,5,April,C0002,Male,31.0,Cleveland
Call_7666,C0004,43.0,R01,2023-04-22,128.0,5,April,C0004,Male,36.0,Cincinnati
Call_7667,C0014,95.0,R02,2023-04-22,21.0,4,April,C0014,Female,38.0,Columbus
Call_7668,C0008,53.0,R01,2023-04-22,110.0,4,April,C0008,Female,42.0,Cleveland
Call_7669,C0004,113.0,R01,2023-04-22,145.0,4,April,C0004,Male,36.0,Cincinnati
Call_7670,C0008,89.0,R04,2023-04-22,129.0,4,April,C0008,Female,42.0,Cleveland
Call_7671,C0010,84.0,R05,2023-04-22,156.0,3,April,C0010,Female,30.0,Cleveland
Call_7672,C0002,130.0,R01,2023-04-23,120.0,4,April,C0002,Male,31.0,Cleveland
Call_7673,C0014,163.0,R04,2023-04-23,62.0,3,April,C0014,Female,38.0,Columbus
Call_7674,C0009,127.0,R01,2023-04-23,160.0,3,April,C0009,Female,25.0,Columbus
Call_7675,C0004,50.0,R01,2023-04-23,56.0,5,April,C0004,Male,36.0,Cincinnati
Call_7676,C0007,88.0,R03,2023-04-23,72.0,4,April,C0007,Female,22.0,Cleveland
Call_7677,C0004,139.0,R02,2023-04-24,81.0,5,April,C0004,Male,36.0,Cincinnati
Call_7678,C0014,111.0,R01,2023-04-24,144.0,4,April,C0014,Female,38.0,Columbus
Call_7679,C0005,115.0,R02,2023-04-24,111.0,4,April,C0005,Male,37.0,Columbus
Call_7680,C0008,26.0,R04,2023-04-24,43.0,4,April,C0008,Female,42.0,Cleveland
Call_7681,C0010,131.0,R03,2023-04-24,41.0,5,April,C0010,Female,30.0,Cleveland
Call_7682,C0005,27.0,R03,2023-04-24,74.0,4,April,C0005,Male,37.0,Columbus
Call_7683,C0012,75.0,R01,2023-04-24,43.0,5,April,C0012,Female,28.0,Cincinnati
Call_7684,C0006,123.0,R03,2023-04-24,128.0,4,April,C0006,Male,23.0,Columbus
Call_7685,C0003,129.0,R03,2023-04-25,144.0,4,April,C0003,Male,26.0,Cincinnati
Call_7686,C0012,124.0,R02,2023-04-25,132.0,5,April,C0012,Female,28.0,Cincinnati
Call_7687,C0005,108.0,R02,2023-04-25,180.0,4,April,C0005,Male,37.0,Columbus
Call_7688,C0011,15.0,R02,2023-04-25,31.0,4,April,C0011,Female,30.0,Cincinnati
Call_7689,C0005,66.0,R02,2023-04-25,102.0,4,April,C0005,Male,37.0,Columbus
Call_7690,C0007,126.0,R01,2023-04-26,175.0,5,April,C0007,Female,22.0,Cleveland
Call_7691,C0012,26.0,R05,2023-04-26,87.0,5,April,C0012,Female,28.0,Cincinnati
Call_7692,C0002,105.0,R01,2023-04-26,66.0,4,April,C0002,Male,31.0,Cleveland
Call_7693,C0002,31.0,R01,2023-04-26,25.0,3,April,C0002,Male,31.0,Cleveland
Call_7694,C0005,109.0,R02,2023-04-26,126.0,3,April,C0005,Male,37.0,Columbus
Call_7695,C0003,113.0,R04,2023-04-27,42.0,5,April,C0003,Male,26.0,Cincinnati
Call_7696,C0007,101.0,R05,2023-04-27,225.0,2,April,C0007,Female,22.0,Cleveland
Call_7697,C0014,156.0,R05,2023-04-27,42.0,3,April,C0014,Female,38.0,Columbus
Call_7698,C0005,145.0,R04,2023-04-28,110.0,3,April,C0005,Male,37.0,Columbus
Call_7699,C0006,36.0,R02,2023-04-28,225.0,5,April,C0006,Male,23.0,Columbus
Call_7700,C0002,135.0,R03,2023-04-29,125.0,3,April,C0002,Male,31.0,Cleveland
Call_7701,C0007,81.0,R02,2023-04-29,78.0,3,April,C0007,Female,22.0,Cleveland
Call_7702,C0007,81.0,R04,2023-04-29,40.0,2,April,C0007,Female,22.0,Cleveland
Call_7703,C0009,93.0,R01,2023-04-29,150.0,5,April,C0009,Female,25.0,Columbus
Call_7704,C0005,14.0,R02,2023-04-29,96.0,5,April,C0005,Male,37.0,Columbus
Call_7705,C0002,95.0,R04,2023-04-30,75.0,5,April,C0002,Male,31.0,Cleveland
Call_7706,C0009,81.0,R04,2023-04-30,60.0,4,April,C0009,Female,25.0,Columbus
Call_7707,C0008,60.0,R02,2023-05-01,41.0,5,May,C0008,Female,42.0,Cleveland
Call_7708,C0013,137.0,R01,2023-05-01,20.0,4,May,C0013,Female,37.0,Cleveland
Call_7709,C0004,112.0,R03,2023-05-01,84.0,3,May,C0004,Male,36.0,Cincinnati
Call_7710,C0002,76.0,R05,2023-05-01,140.0,4,May,C0002,Male,31.0,Cleveland
Call_7711,C0015,73.0,R02,2023-05-01,66.0,5,May,C0015,Female,43.0,Cleveland
Call_7712,C0010,119.0,R01,2023-05-01,105.0,5,May,C0010,Female,30.0,Cleveland
Call_7713,C0003,135.0,R04,2023-05-02,104.0,4,May,C0003,Male,26.0,Cincinnati
Call_7714,C0013,41.0,R03,2023-05-02,123.0,3,May,C0013,Female,37.0,Cleveland
Call_7715,C0005,35.0,R04,2023-05-03,215.0,4,May,C0005,Male,37.0,Columbus
Call_7716,C0003,96.0,R02,2023-05-03,46.0,1,May,C0003,Male,26.0,Cincinnati
Call_7717,C0009,61.0,R03,2023-05-03,115.0,4,May,C0009,Female,25.0,Columbus
Call_7718,C0003,91.0,R03,2023-05-03,124.0,4,May,C0003,Male,26.0,Cincinnati
Call_7719,C0001,30.0,R03,2023-05-04,205.0,4,May,C0001,Male,41.0,Columbus
Call_7720,C0008,111.0,R01,2023-05-04,90.0,3,May,C0008,Female,42.0,Cleveland
Call_7721,C0009,81.0,R02,2023-05-04,92.0,5,May,C0009,Female,25.0,Columbus
Call_7722,C0002,40.0,R04,2023-05-06,108.0,4,May,C0002,Male,31.0,Cleveland
Call_7723,C0008,143.0,R04,2023-05-06,54.0,4,May,C0008,Female,42.0,Cleveland
Call_7724,C0002,70.0,R04,2023-05-07,44.0,4,May,C0002,Male,31.0,Cleveland
Call_7725,C0015,137.0,R04,2023-05-07,44.0,5,May,C0015,Female,43.0,Cleveland
Call_7726,C0003,52.0,R02,2023-05-08,37.0,5,May,C0003,Male,26.0,Cincinnati
Call_7727,C0004,31.0,R01,2023-05-08,180.0,4,May,C0004,Male,36.0,Cincinnati
Call_7728,C0003,114.0,R03,2023-05-08,105.0,5,May,C0003,Male,26.0,Cincinnati
Call_7729,C0015,73.0,R05,2023-05-08,87.0,4,May,C0015,Female,43.0,Cleveland
Call_7730,C0009,25.0,R01,2023-05-08,52.0,4,May,C0009,Female,25.0,Columbus
Call_7731,C0011,44.0,R03,2023-05-08,63.0,4,May,C0011,Female,30.0,Cincinnati
Call_7732,C0006,34.0,R02,2023-05-09,195.0,5,May,C0006,Male,23.0,Columbus
Call_7733,C0008,89.0,R04,2023-05-10,176.0,4,May,C0008,Female,42.0,Cleveland
Call_7734,C0010,54.0,R01,2023-05-11,31.0,3,May,C0010,Female,30.0,Cleveland
Call_7735,C0005,25.0,R01,2023-05-12,27.0,3,May,C0005,Male,37.0,Columbus
Call_7736,C0013,91.0,R04,2023-05-12,76.0,5,May,C0013,Female,37.0,Cleveland
Call_7737,C0011,144.0,R03,2023-05-12,62.0,5,May,C0011,Female,30.0,Cincinnati
Call_7738,C0013,81.0,R02,2023-05-14,100.0,1,May,C0013,Female,37.0,Cleveland
Call_7739,C0001,92.0,R01,2023-05-14,44.0,3,May,C0001,Male,41.0,Columbus
Call_7740,C0005,115.0,R04,2023-05-14,168.0,3,May,C0005,Male,37.0,Columbus
Call_7741,C0007,56.0,R04,2023-05-15,200.0,5,May,C0007,Female,22.0,Cleveland
Call_7742,C0004,154.0,R01,2023-05-15,84.0,4,May,C0004,Male,36.0,Cincinnati
Call_7743,C0008,51.0,R04,2023-05-16,117.0,3,May,C0008,Female,42.0,Cleveland
Call_7744,C0006,21.0,R02,2023-05-16,63.0,4,May,C0006,Male,23.0,Columbus
Call_7745,C0005,80.0,R04,2023-05-17,145.0,5,May,C0005,Male,37.0,Columbus
Call_7746,C0008,139.0,R01,2023-05-17,220.0,3,May,C0008,Female,42.0,Cleveland
Call_7747,C0002,50.0,R02,2023-05-17,26.0,5,May,C0002,Male,31.0,Cleveland
Call_7748,C0005,88.0,R04,2023-05-17,78.0,4,May,C0005,Male,37.0,Columbus
Call_7749,C0010,19.0,R03,2023-05-18,132.0,4,May,C0010,Female,30.0,Cleveland
Call_7750,C0009,104.0,R03,2023-05-19,68.0,4,May,C0009,Female,25.0,Columbus
Call_7751,C0004,67.0,R01,2023-05-21,129.0,5,May,C0004,Male,36.0,Cincinnati
Call_7752,C0012,107.0,R03,2023-05-21,115.0,5,May,C0012,Female,28.0,Cincinnati
Call_7753,C0012,93.0,R03,2023-05-21,128.0,4,May,C0012,Female,28.0,Cincinnati
Call_7754,C0012,117.0,R01,2023-05-21,90.0,4,May,C0012,Female,28.0,Cincinnati
Call_7755,C0002,76.0,R04,2023-05-22,39.0,5,May,C0002,Male,31.0,Cleveland
Call_7756,C0010,64.0,R03,2023-05-22,132.0,3,May,C0010,Female,30.0,Cleveland
Call_7757,C0011,33.0,R03,2023-05-22,170.0,4,May,C0011,Female,30.0,Cincinnati
Call_7758,C0012,115.0,R01,2023-05-22,42.0,5,May,C0012,Female,28.0,Cincinnati
Call_7759,C0014,155.0,R04,2023-05-23,37.0,4,May,C0014,Female,38.0,Columbus
Call_7760,C0004,117.0,R04,2023-05-23,88.0,5,May,C0004,Male,36.0,Cincinnati
Call_7761,C0008,63.0,R04,2023-05-23,80.0,2,May,C0008,Female,42.0,Cleveland
Call_7762,C0010,59.0,R05,2023-05-24,123.0,4,May,C0010,Female,30.0,Cleveland
Call_7763,C0006,133.0,R03,2023-05-24,31.0,4,May,C0006,Male,23.0,Columbus
Call_7764,C0001,101.0,R02,2023-05-24,205.0,4,May,C0001,Male,41.0,Columbus
Call_7765,C0013,151.0,R04,2023-05-25,123.0,4,May,C0013,Female,37.0,Cleveland
Call_7766,C0011,146.0,R03,2023-05-25,123.0,4,May,C0011,Female,30.0,Cincinnati
Call_7767,C0008,148.0,R03,2023-05-25,36.0,3,May,C0008,Female,42.0,Cleveland
Call_7768,C0013,81.0,R03,2023-05-25,116.0,4,May,C0013,Female,37.0,Cleveland
Call_7769,C0009,115.0,R03,2023-05-25,40.0,5,May,C0009,Female,25.0,Columbus
Call_7770,C0009,117.0,R04,2023-05-25,40.0,4,May,C0009,Female,25.0,Columbus
Call_7771,C0001,110.0,R01,2023-05-26,82.0,4,May,C0001,Male,41.0,Columbus
Call_7772,C0002,103.0,R05,2023-05-26,62.0,3,May,C0002,Male,31.0,Cleveland
Call_7773,C0014,45.0,R05,2023-05-26,135.0,4,May,C0014,Female,38.0,Columbus
Call_7774,C0001,110.0,R02,2023-05-26,155.0,2,May,C0001,Male,41.0,Columbus
Call_7775,C0010,43.0,R01,2023-05-26,37.0,5,May,C0010,Female,30.0,Cleveland
Call_7776,C0001,104.0,R04,2023-05-27,56.0,3,May,C0001,Male,41.0,Columbus
Call_7777,C0001,101.0,R04,2023-05-27,185.0,5,May,C0001,Male,41.0,Columbus
Call_7778,C0003,55.0,R01,2023-05-28,145.0,4,May,C0003,Male,26.0,Cincinnati
Call_7779,C0013,40.0,R05,2023-05-28,116.0,3,May,C0013,Female,37.0,Cleveland
Call_7780,C0010,122.0,R03,2023-05-28,45.0,4,May,C0010,Female,30.0,Cleveland
Call_7781,C0011,98.0,R04,2023-05-29,35.0,4,May,C0011,Female,30.0,Cincinnati
Call_7782,C0009,110.0,R05,2023-05-29,100.0,4,May,C0009,Female,25.0,Columbus
Call_7783,C0009,62.0,R01,2023-05-30,125.0,4,May,C0009,Female,25.0,Columbus
Call_7784,C0010,134.0,R03,2023-05-30,120.0,3,May,C0010,Female,30.0,Cleveland
Call_7785,C0015,94.0,R02,2023-05-30,180.0,5,May,C0015,Female,43.0,Cleveland
Call_7786,C0007,63.0,R05,2023-05-30,44.0,3,May,C0007,Female,22.0,Cleveland
Call_7787,C0006,95.0,R03,2023-05-30,86.0,4,May,C0006,Male,23.0,Columbus
Call_7788,C0010,106.0,R03,2023-05-31,120.0,4,May,C0010,Female,30.0,Cleveland
Call_7789,C0014,94.0,R02,2023-05-31,100.0,4,May,C0014,Female,38.0,Columbus
Call_7790,C0014,51.0,R02,2023-06-01,108.0,4,June,C0014,Female,38.0,Columbus
Call_7791,C0008,39.0,R02,2023-06-01,46.0,5,June,C0008,Female,42.0,Cleveland
Call_7792,C0013,111.0,R03,2023-06-01,210.0,4,June,C0013,Female,37.0,Cleveland
Call_7793,C0012,141.0,R01,2023-06-03,54.0,5,June,C0012,Female,28.0,Cincinnati
Call_7794,C0007,147.0,R03,2023-06-03,115.0,5,June,C0007,Female,22.0,Cleveland
Call_7795,C0015,49.0,R02,2023-06-04,100.0,2,June,C0015,Female,43.0,Cleveland
Call_7796,C0005,75.0,R03,2023-06-04,38.0,4,June,C0005,Male,37.0,Columbus
Call_7797,C0012,48.0,R01,2023-06-05,120.0,4,June,C0012,Female,28.0,Cincinnati
Call_7798,C0009,48.0,R01,2023-06-05,120.0,4,June,C0009,Female,25.0,Columbus
Call_7799,C0004,138.0,R02,2023-06-05,29.0,4,June,C0004,Male,36.0,Cincinnati
Call_7800,C0006,144.0,R02,2023-06-06,25.0,4,June,C0006,Male,23.0,Columbus
Call_7801,C0001,119.0,R03,2023-06-07,116.0,4,June,C0001,Male,41.0,Columbus
Call_7802,C0004,101.0,R01,2023-06-08,132.0,4,June,C0004,Male,36.0,Cincinnati
Call_7803,C0006,59.0,R03,2023-06-09,90.0,4,June,C0006,Male,23.0,Columbus
Call_7804,C0013,125.0,R05,2023-06-09,87.0,4,June,C0013,Female,37.0,Cleveland
Call_7805,C0010,147.0,R03,2023-06-09,140.0,4,June,C0010,Female,30.0,Cleveland
Call_7806,C0002,76.0,R03,2023-06-09,164.0,4,June,C0002,Male,31.0,Cleveland
Call_7807,C0007,99.0,R01,2023-06-10,180.0,4,June,C0007,Female,22.0,Cleveland
Call_7808,C0008,111.0,R04,2023-06-11,22.0,4,June,C0008,Female,42.0,Cleveland
Call_7809,C0011,147.0,R05,2023-06-11,82.0,4,June,C0011,Female,30.0,Cincinnati
Call_7810,C0003,141.0,R01,2023-06-11,100.0,5,June,C0003,Male,26.0,Cincinnati
Call_7811,C0002,71.0,R03,2023-06-12,52.0,3,June,C0002,Male,31.0,Cleveland
Call_7812,C0002,121.0,R05,2023-06-13,84.0,5,June,C0002,Male,31.0,Cleveland
Call_7813,C0002,60.0,R05,2023-06-13,37.0,4,June,C0002,Male,31.0,Cleveland
Call_7814,C0015,158.0,R01,2023-06-14,190.0,4,June,C0015,Female,43.0,Cleveland
Call_7815,C0010,159.0,R02,2023-06-14,66.0,3,June,C0010,Female,30.0,Cleveland
Call_7816,C0004,70.0,R03,2023-06-15,116.0,3,June,C0004,Male,36.0,Cincinnati
Call_7817,C0012,78.0,R04,2023-06-15,28.0,4,June,C0012,Female,28.0,Cincinnati
Call_7818,C0011,103.0,R03,2023-06-15,120.0,5,June,C0011,Female,30.0,Cincinnati
Call_7819,C0005,108.0,R01,2023-06-15,56.0,4,June,C0005,Male,37.0,Columbus
Call_7820,C0005,44.0,R05,2023-06-15,170.0,4,June,C0005,Male,37.0,Columbus
Call_7821,C0012,127.0,R01,2023-06-16,200.0,5,June,C0012,Female,28.0,Cincinnati
Call_7822,C0011,132.0,R03,2023-06-17,50.0,4,June,C0011,Female,30.0,Cincinnati
Call_7823,C0003,106.0,R04,2023-06-17,112.0,4,June,C0003,Male,26.0,Cincinnati
Call_7824,C0008,107.0,R03,2023-06-18,39.0,5,June,C0008,Female,42.0,Cleveland
Call_7825,C0010,85.0,R04,2023-06-18,38.0,5,June,C0010,Female,30.0,Cleveland
Call_7826,C0007,49.0,R03,2023-06-19,84.0,3,June,C0007,Female,22.0,Cleveland
Call_7827,C0002,117.0,R01,2023-06-20,82.0,4,June,C0002,Male,31.0,Cleveland
Call_7828,C0008,136.0,R04,2023-06-20,37.0,1,June,C0008,Female,42.0,Cleveland
Call_7829,C0005,130.0,R02,2023-06-21,87.0,3,June,C0005,Male,37.0,Columbus
Call_7830,C0005,73.0,R02,2023-06-21,75.0,3,June,C0005,Male,37.0,Columbus
Call_7831,C0007,80.0,R03,2023-06-21,32.0,5,June,C0007,Female,22.0,Cleveland
Call_7832,C0001,44.0,R01,2023-06-21,33.0,3,June,C0001,Male,41.0,Columbus
Call_7833,C0001,102.0,R05,2023-06-21,76.0,4,June,C0001,Male,41.0,Columbus
Call_7834,C0015,74.0,R05,2023-06-21,117.0,5,June,C0015,Female,43.0,Cleveland
Call_7835,C0007,52.0,R01,2023-06-23,70.0,4,June,C0007,Female,22.0,Cleveland
Call_7836,C0007,74.0,R02,2023-06-23,37.0,3,June,C0007,Female,22.0,Cleveland
Call_7837,C0005,96.0,R05,2023-06-23,46.0,3,June,C0005,Male,37.0,Columbus
Call_7838,C0013,104.0,R03,2023-06-23,136.0,5,June,C0013,Female,37.0,Cleveland
Call_7839,C0005,123.0,R05,2023-06-24,44.0,5,June,C0005,Male,37.0,Columbus
Call_7840,C0009,100.0,R04,2023-06-24,69.0,3,June,C0009,Female,25.0,Columbus
Call_7841,C0013,35.0,R01,2023-06-25,86.0,5,June,C0013,Female,37.0,Cleveland
Call_7842,C0007,123.0,R03,2023-06-25,68.0,4,June,C0007,Female,22.0,Cleveland
Call_7843,C0002,133.0,R01,2023-06-26,21.0,4,June,C0002,Male,31.0,Cleveland
Call_7844,C0005,126.0,R02,2023-06-26,190.0,2,June,C0005,Male,37.0,Columbus
Call_7845,C0007,39.0,R05,2023-06-26,176.0,4,June,C0007,Female,22.0,Cleveland
Call_7846,C0015,31.0,R03,2023-06-26,172.0,4,June,C0015,Female,43.0,Cleveland
Call_7847,C0011,25.0,R01,2023-06-26,84.0,4,June,C0011,Female,30.0,Cincinnati
Call_7848,C0004,132.0,R04,2023-06-27,42.0,5,June,C0004,Male,36.0,Cincinnati
Call_7849,C0013,63.0,R02,2023-06-27,70.0,2,June,C0013,Female,37.0,Cleveland
Call_7850,C0009,135.0,R04,2023-06-27,60.0,4,June,C0009,Female,25.0,Columbus
Call_7851,C0010,101.0,R02,2023-06-27,84.0,4,June,C0010,Female,30.0,Cleveland
Call_7852,C0002,80.0,R05,2023-06-28,68.0,3,June,C0002,Male,31.0,Cleveland
Call_7853,C0001,28.0,R05,2023-06-28,44.0,3,June,C0001,Male,41.0,Columbus
Call_7854,C0010,102.0,R04,2023-06-29,99.0,3,June,C0010,Female,30.0,Cleveland
Call_7855,C0013,60.0,R04,2023-06-30,66.0,3,June,C0013,Female,37.0,Cleveland
Call_7856,C0014,103.0,R04,2023-06-30,102.0,4,June,C0014,Female,38.0,Columbus
Call_7857,C0002,90.0,R05,2023-07-01,129.0,4,July,C0002,Male,31.0,Cleveland
Call_7858,C0012,88.0,R04,2023-07-01,80.0,4,July,C0012,Female,28.0,Cincinnati
Call_7859,C0014,37.0,R04,2023-07-01,54.0,2,July,C0014,Female,38.0,Columbus
Call_7860,C0001,142.0,R05,2023-07-01,116.0,4,July,C0001,Male,41.0,Columbus
Call_7861,C0001,153.0,R01,2023-07-01,102.0,3,July,C0001,Male,41.0,Columbus
Call_7862,C0006,128.0,R02,2023-07-01,140.0,4,July,C0006,Male,23.0,Columbus
Call_7863,C0013,110.0,R02,2023-07-02,104.0,4,July,C0013,Female,37.0,Cleveland
Call_7864,C0006,139.0,R04,2023-07-02,81.0,4,July,C0006,Male,23.0,Columbus
Call_7865,C0010,109.0,R03,2023-07-04,140.0,2,July,C0010,Female,30.0,Cleveland
Call_7866,C0004,57.0,R05,2023-07-05,120.0,4,July,C0004,Male,36.0,Cincinnati
Call_7867,C0010,68.0,R04,2023-07-05,41.0,3,July,C0010,Female,30.0,Cleveland
Call_7868,C0011,128.0,R04,2023-07-05,116.0,2,July,C0011,Female,30.0,Cincinnati
Call_7869,C0003,102.0,R05,2023-07-06,70.0,3,July,C0003,Male,26.0,Cincinnati
Call_7870,C0006,52.0,R01,2023-07-06,42.0,4,July,C0006,Male,23.0,Columbus
Call_7871,C0011,55.0,R02,2023-07-07,112.0,4,July,C0011,Female,30.0,Cincinnati
Call_7872,C0014,107.0,R04,2023-07-07,20.0,4,July,C0014,Female,38.0,Columbus
Call_7873,C0002,88.0,R01,2023-07-08,110.0,5,July,C0002,Male,31.0,Cleveland
Call_7874,C0007,49.0,R01,2023-07-08,39.0,5,July,C0007,Female,22.0,Cleveland
Call_7875,C0002,72.0,R05,2023-07-08,76.0,4,July,C0002,Male,31.0,Cleveland
Call_7876,C0004,50.0,R05,2023-07-08,40.0,5,July,C0004,Male,36.0,Cincinnati
Call_7877,C0002,52.0,R04,2023-07-08,42.0,5,July,C0002,Male,31.0,Cleveland
Call_7878,C0005,85.0,R03,2023-07-09,215.0,4,July,C0005,Male,37.0,Columbus
Call_7879,C0009,98.0,R03,2023-07-10,130.0,3,July,C0009,Female,25.0,Columbus
Call_7880,C0015,52.0,R03,2023-07-10,190.0,3,July,C0015,Female,43.0,Cleveland
Call_7881,C0011,154.0,R01,2023-07-10,164.0,5,July,C0011,Female,30.0,Cincinnati
Call_7882,C0008,131.0,R02,2023-07-11,76.0,4,July,C0008,Female,42.0,Cleveland
Call_7883,C0005,73.0,R02,2023-07-12,87.0,5,July,C0005,Male,37.0,Columbus
Call_7884,C0013,45.0,R03,2023-07-12,84.0,5,July,C0013,Female,37.0,Cleveland
Call_7885,C0006,114.0,R04,2023-07-12,114.0,4,July,C0006,Male,23.0,Columbus
Call_7886,C0009,69.0,R02,2023-07-13,56.0,4,July,C0009,Female,25.0,Columbus
Call_7887,C0008,33.0,R01,2023-07-13,27.0,4,July,C0008,Female,42.0,Cleveland
Call_7888,C0004,31.0,R05,2023-07-14,84.0,5,July,C0004,Male,36.0,Cincinnati
Call_7889,C0013,168.0,R01,2023-07-14,72.0,4,July,C0013,Female,37.0,Cleveland
Call_7890,C0005,111.0,R04,2023-07-15,126.0,4,July,C0005,Male,37.0,Columbus
Call_7891,C0004,80.0,R01,2023-07-16,88.0,5,July,C0004,Male,36.0,Cincinnati
Call_7892,C0003,37.0,R01,2023-07-16,124.0,5,July,C0003,Male,26.0,Cincinnati
Call_7893,C0001,137.0,R01,2023-07-17,84.0,3,July,C0001,Male,41.0,Columbus
Call_7894,C0009,123.0,R04,2023-07-17,80.0,3,July,C0009,Female,25.0,Columbus
Call_7895,C0012,105.0,R04,2023-07-18,176.0,5,July,C0012,Female,28.0,Cincinnati
Call_7896,C0003,76.0,R03,2023-07-19,84.0,4,July,C0003,Male,26.0,Cincinnati
Call_7897,C0004,144.0,R03,2023-07-19,164.0,3,July,C0004,Male,36.0,Cincinnati
Call_7898,C0008,109.0,R05,2023-07-19,132.0,3,July,C0008,Female,42.0,Cleveland
Call_7899,C0009,172.0,R01,2023-07-20,27.0,4,July,C0009,Female,25.0,Columbus
Call_7900,C0004,56.0,R04,2023-07-20,27.0,4,July,C0004,Male,36.0,Cincinnati
Call_7901,C0004,121.0,R02,2023-07-20,20.0,3,July,C0004,Male,36.0,Cincinnati
Call_7902,C0009,41.0,R04,2023-07-21,112.0,2,July,C0009,Female,25.0,Columbus
Call_7903,C0014,60.0,R01,2023-07-21,60.0,2,July,C0014,Female,38.0,Columbus
Call_7904,C0014,144.0,R01,2023-07-22,102.0,3,July,C0014,Female,38.0,Columbus
Call_7905,C0011,67.0,R01,2023-07-22,38.0,4,July,C0011,Female,30.0,Cincinnati
Call_7906,C0009,162.0,R05,2023-07-22,82.0,5,July,C0009,Female,25.0,Columbus
Call_7907,C0014,87.0,R02,2023-07-25,125.0,4,July,C0014,Female,38.0,Columbus
Call_7908,C0015,10.0,R03,2023-07-26,72.0,4,July,C0015,Female,43.0,Cleveland
Call_7909,C0004,138.0,R03,2023-07-26,195.0,4,July,C0004,Male,36.0,Cincinnati
Call_7910,C0009,31.0,R03,2023-07-27,160.0,3,July,C0009,Female,25.0,Columbus
Call_7911,C0012,75.0,R05,2023-07-27,78.0,3,July,C0012,Female,28.0,Cincinnati
Call_7912,C0003,65.0,R05,2023-07-28,70.0,4,July,C0003,Male,26.0,Cincinnati
Call_7913,C0005,106.0,R04,2023-07-28,105.0,4,July,C0005,Male,37.0,Columbus
Call_7914,C0003,107.0,R04,2023-07-29,78.0,3,July,C0003,Male,26.0,Cincinnati
Call_7915,C0001,78.0,R04,2023-07-31,205.0,4,July,C0001,Male,41.0,Columbus
Call_7916,C0002,122.0,R04,2023-07-31,78.0,3,July,C0002,Male,31.0,Cleveland
Call_7917,C0004,58.0,R03,2023-07-31,38.0,4,July,C0004,Male,36.0,Cincinnati
Call_7918,C0001,33.0,R01,2023-07-31,92.0,2,July,C0001,Male,41.0,Columbus
Call_7919,C0008,164.0,R05,2023-07-31,36.0,5,July,C0008,Female,42.0,Cleveland
Call_7920,C0012,163.0,R02,2023-07-31,76.0,4,July,C0012,Female,28.0,Cincinnati
Call_7921,C0007,71.0,R05,2023-08-02,170.0,4,August,C0007,Female,22.0,Cleveland
Call_7922,C0001,103.0,R03,2023-08-03,117.0,5,August,C0001,Male,41.0,Columbus
Call_7923,C0006,69.0,R02,2023-08-03,20.0,4,August,C0006,Male,23.0,Columbus
Call_7924,C0012,111.0,R03,2023-08-03,99.0,4,August,C0012,Female,28.0,Cincinnati
Call_7925,C0010,97.0,R02,2023-08-04,105.0,3,August,C0010,Female,30.0,Cleveland
Call_7926,C0013,144.0,R04,2023-08-04,195.0,3,August,C0013,Female,37.0,Cleveland
Call_7927,C0005,56.0,R02,2023-08-05,152.0,5,August,C0005,Male,37.0,Columbus
Call_7928,C0013,132.0,R04,2023-08-06,195.0,5,August,C0013,Female,37.0,Cleveland
Call_7929,C0007,72.0,R01,2023-08-06,70.0,4,August,C0007,Female,22.0,Cleveland
Call_7930,C0012,18.0,R01,2023-08-06,22.0,4,August,C0012,Female,28.0,Cincinnati
Call_7931,C0011,115.0,R03,2023-08-07,40.0,3,August,C0011,Female,30.0,Cincinnati
Call_7932,C0011,124.0,R02,2023-08-08,54.0,4,August,C0011,Female,30.0,Cincinnati
Call_7933,C0004,130.0,R02,2023-08-08,60.0,2,August,C0004,Male,36.0,Cincinnati
Call_7934,C0015,120.0,R05,2023-08-10,58.0,5,August,C0015,Female,43.0,Cleveland
Call_7935,C0010,75.0,R03,2023-08-10,220.0,5,August,C0010,Female,30.0,Cleveland
Call_7936,C0003,63.0,R03,2023-08-10,27.0,4,August,C0003,Male,26.0,Cincinnati
Call_7937,C0013,74.0,R03,2023-08-12,26.0,4,August,C0013,Female,37.0,Cleveland
Call_7938,C0006,134.0,R04,2023-08-13,160.0,5,August,C0006,Male,23.0,Columbus
Call_7939,C0012,103.0,R02,2023-08-13,200.0,5,August,C0012,Female,28.0,Cincinnati
Call_7940,C0012,155.0,R05,2023-08-16,135.0,5,August,C0012,Female,28.0,Cincinnati
Call_7941,C0003,128.0,R02,2023-08-17,22.0,2,August,C0003,Male,26.0,Cincinnati
Call_7942,C0010,89.0,R04,2023-08-18,164.0,4,August,C0010,Female,30.0,Cleveland
Call_7943,C0011,81.0,R05,2023-08-18,21.0,5,August,C0011,Female,30.0,Cincinnati
Call_7944,C0010,66.0,R04,2023-08-19,120.0,4,August,C0010,Female,30.0,Cleveland
Call_7945,C0007,61.0,R01,2023-08-19,93.0,3,August,C0007,Female,22.0,Cleveland
Call_7946,C0011,128.0,R01,2023-08-19,135.0,2,August,C0011,Female,30.0,Cincinnati
Call_7947,C0012,30.0,R05,2023-08-19,210.0,4,August,C0012,Female,28.0,Cincinnati
Call_7948,C0008,63.0,R01,2023-08-20,29.0,5,August,C0008,Female,42.0,Cleveland
Call_7949,C0002,64.0,R03,2023-08-20,111.0,4,August,C0002,Male,31.0,Cleveland
Call_7950,C0014,151.0,R02,2023-08-21,63.0,4,August,C0014,Female,38.0,Columbus
Call_7951,C0001,116.0,R04,2023-08-21,44.0,4,August,C0001,Male,41.0,Columbus
Call_7952,C0014,111.0,R04,2023-08-23,120.0,2,August,C0014,Female,38.0,Columbus
Call_7953,C0011,15.0,R04,2023-08-23,120.0,4,August,C0011,Female,30.0,Cincinnati
Call_7954,C0002,18.0,R02,2023-08-24,40.0,4,August,C0002,Male,31.0,Cleveland
Call_7955,C0007,146.0,R01,2023-08-24,160.0,4,August,C0007,Female,22.0,Cleveland
Call_7956,C0012,73.0,R04,2023-08-25,44.0,4,August,C0012,Female,28.0,Cincinnati
Call_7957,C0014,108.0,R02,2023-08-25,80.0,4,August,C0014,Female,38.0,Columbus
Call_7958,C0006,52.0,R02,2023-08-26,66.0,4,August,C0006,Male,23.0,Columbus
Call_7959,C0001,165.0,R03,2023-08-26,82.0,3,August,C0001,Male,41.0,Columbus
Call_7960,C0007,104.0,R04,2023-08-26,66.0,5,August,C0007,Female,22.0,Cleveland
Call_7961,C0012,131.0,R01,2023-08-26,92.0,5,August,C0012,Female,28.0,Cincinnati
Call_7962,C0015,80.0,R03,2023-08-27,104.0,5,August,C0015,Female,43.0,Cleveland
Call_7963,C0011,49.0,R04,2023-08-27,105.0,3,August,C0011,Female,30.0,Cincinnati
Call_7964,C0001,73.0,R04,2023-08-27,100.0,3,August,C0001,Male,41.0,Columbus
Call_7965,C0007,117.0,R03,2023-08-27,90.0,4,August,C0007,Female,22.0,Cleveland
Call_7966,C0005,38.0,R05,2023-08-27,110.0,4,August,C0005,Male,37.0,Columbus
Call_7967,C0006,109.0,R03,2023-08-29,68.0,2,August,C0006,Male,23.0,Columbus
Call_7968,C0011,70.0,R02,2023-08-30,210.0,4,August,C0011,Female,30.0,Cincinnati
Call_7969,C0004,51.0,R05,2023-08-30,111.0,4,August,C0004,Male,36.0,Cincinnati
Call_7970,C0004,100.0,R02,2023-08-31,45.0,5,August,C0004,Male,36.0,Cincinnati
Call_7971,C0013,124.0,R05,2023-09-01,132.0,4,September,C0013,Female,37.0,Cleveland
Call_7972,C0003,143.0,R03,2023-09-01,20.0,5,September,C0003,Male,26.0,Cincinnati
Call_7973,C0010,96.0,R04,2023-09-01,36.0,3,September,C0010,Female,30.0,Cleveland
Call_7974,C0001,84.0,R02,2023-09-03,72.0,4,September,C0001,Male,41.0,Columbus
Call_7975,C0009,111.0,R02,2023-09-03,63.0,4,September,C0009,Female,25.0,Columbus
Call_7976,C0009,103.0,R05,2023-09-04,44.0,4,September,C0009,Female,25.0,Columbus
Call_7977,C0003,61.0,R01,2023-09-04,132.0,5,September,C0003,Male,26.0,Cincinnati
Call_7978,C0012,113.0,R04,2023-09-04,46.0,4,September,C0012,Female,28.0,Cincinnati
Call_7979,C0012,96.0,R04,2023-09-04,96.0,3,September,C0012,Female,28.0,Cincinnati
Call_7980,C0002,131.0,R05,2023-09-05,75.0,4,September,C0002,Male,31.0,Cleveland
Call_7981,C0007,52.0,R04,2023-09-06,88.0,4,September,C0007,Female,22.0,Cleveland
Call_7982,C0004,100.0,R05,2023-09-06,24.0,5,September,C0004,Male,36.0,Cincinnati
Call_7983,C0014,58.0,R03,2023-09-06,96.0,3,September,C0014,Female,38.0,Columbus
Call_7984,C0011,144.0,R03,2023-09-07,124.0,2,September,C0011,Female,30.0,Cincinnati
Call_7985,C0014,53.0,R01,2023-09-08,130.0,4,September,C0014,Female,38.0,Columbus
Call_7986,C0012,97.0,R02,2023-09-08,45.0,5,September,C0012,Female,28.0,Cincinnati
Call_7987,C0005,64.0,R03,2023-09-08,66.0,4,September,C0005,Male,37.0,Columbus
Call_7988,C0003,106.0,R05,2023-09-08,58.0,5,September,C0003,Male,26.0,Cincinnati
Call_7989,C0001,36.0,R03,2023-09-09,152.0,4,September,C0001,Male,41.0,Columbus
Call_7990,C0011,74.0,R04,2023-09-09,75.0,3,September,C0011,Female,30.0,Cincinnati
Call_7991,C0006,143.0,R02,2023-09-09,78.0,4,September,C0006,Male,23.0,Columbus
Call_7992,C0003,94.0,R01,2023-09-09,69.0,4,September,C0003,Male,26.0,Cincinnati
Call_7993,C0015,124.0,R05,2023-09-10,46.0,3,September,C0015,Female,43.0,Cleveland
Call_7994,C0001,156.0,R03,2023-09-10,64.0,3,September,C0001,Male,41.0,Columbus
Call_7995,C0010,107.0,R02,2023-09-10,38.0,5,September,C0010,Female,30.0,Cleveland
Call_7996,C0003,58.0,R02,2023-09-12,90.0,4,September,C0003,Male,26.0,Cincinnati
Call_7997,C0013,66.0,R02,2023-09-12,32.0,4,September,C0013,Female,37.0,Cleveland
Call_7998,C0002,75.0,R03,2023-09-12,120.0,4,September,C0002,Male,31.0,Cleveland
Call_7999,C0010,8.0,R02,2023-09-12,31.0,4,September,C0010,Female,30.0,Cleveland
Call_8000,C0005,76.0,R03,2023-09-13,108.0,5,September,C0005,Male,37.0,Columbus
Call_8001,C0003,110.0,R03,2023-09-13,180.0,4,September,C0003,Male,26.0,Cincinnati
Call_8002,C0013,50.0,R01,2023-09-14,124.0,4,September,C0013,Female,37.0,Cleveland
Call_8003,C0007,78.0,R01,2023-09-14,23.0,4,September,C0007,Female,22.0,Cleveland
Call_8004,C0012,59.0,R05,2023-09-15,24.0,5,September,C0012,Female,28.0,Cincinnati
Call_8005,C0007,126.0,R02,2023-09-16,52.0,1,September,C0007,Female,22.0,Cleveland
Call_8006,C0005,43.0,R05,2023-09-17,168.0,4,September,C0005,Male,37.0,Columbus
Call_8007,C0001,79.0,R03,2023-09-19,125.0,5,September,C0001,Male,41.0,Columbus
Call_8008,C0003,71.0,R05,2023-09-20,50.0,4,September,C0003,Male,26.0,Cincinnati
Call_8009,C0009,94.0,R02,2023-09-21,220.0,5,September,C0009,Female,25.0,Columbus
Call_8010,C0010,108.0,R05,2023-09-21,180.0,4,September,C0010,Female,30.0,Cleveland
Call_8011,C0005,76.0,R02,2023-09-21,110.0,4,September,C0005,Male,37.0,Columbus
Call_8012,C0012,136.0,R05,2023-09-21,36.0,3,September,C0012,Female,28.0,Cincinnati
Call_8013,C0004,129.0,R01,2023-09-22,93.0,5,September,C0004,Male,36.0,Cincinnati
Call_8014,C0010,120.0,R05,2023-09-22,38.0,4,September,C0010,Female,30.0,Cleveland
Call_8015,C0005,108.0,R01,2023-09-23,66.0,4,September,C0005,Male,37.0,Columbus
Call_8016,C0007,79.0,R05,2023-09-23,215.0,5,September,C0007,Female,22.0,Cleveland
Call_8017,C0007,45.0,R01,2023-09-23,92.0,4,September,C0007,Female,22.0,Cleveland
Call_8018,C0011,96.0,R05,2023-09-23,80.0,4,September,C0011,Female,30.0,Cincinnati
Call_8019,C0011,81.0,R05,2023-09-24,123.0,5,September,C0011,Female,30.0,Cincinnati
Call_8020,C0012,95.0,R04,2023-09-24,23.0,2,September,C0012,Female,28.0,Cincinnati
Call_8021,C0015,159.0,R02,2023-09-24,63.0,4,September,C0015,Female,43.0,Cleveland
Call_8022,C0008,109.0,R03,2023-09-24,52.0,4,September,C0008,Female,42.0,Cleveland
Call_8023,C0007,107.0,R03,2023-09-24,60.0,4,September,C0007,Female,22.0,Cleveland
Call_8024,C0011,67.0,R01,2023-09-25,87.0,4,September,C0011,Female,30.0,Cincinnati
Call_8025,C0002,96.0,R05,2023-09-26,42.0,4,September,C0002,Male,31.0,Cleveland
Call_8026,C0006,142.0,R02,2023-09-27,37.0,4,September,C0006,Male,23.0,Columbus
Call_8027,C0006,71.0,R04,2023-09-27,135.0,4,September,C0006,Male,23.0,Columbus
Call_8028,C0002,152.0,R04,2023-09-27,88.0,5,September,C0002,Male,31.0,Cleveland
Call_8029,C0001,108.0,R02,2023-09-27,190.0,3,September,C0001,Male,41.0,Columbus
Call_8030,C0001,156.0,R04,2023-09-27,81.0,5,September,C0001,Male,41.0,Columbus
Call_8031,C0006,126.0,R02,2023-09-27,44.0,4,September,C0006,Male,23.0,Columbus
Call_8032,C0005,135.0,R04,2023-09-28,92.0,4,September,C0005,Male,37.0,Columbus
Call_8033,C0006,110.0,R05,2023-09-29,90.0,3,September,C0006,Male,23.0,Columbus
Call_8034,C0015,64.0,R04,2023-09-29,112.0,2,September,C0015,Female,43.0,Cleveland
Call_8035,C0009,127.0,R02,2023-09-29,112.0,5,September,C0009,Female,25.0,Columbus
Call_8036,C0008,124.0,R01,2023-09-29,48.0,4,September,C0008,Female,42.0,Cleveland
Call_8037,C0015,125.0,R02,2023-09-29,116.0,4,September,C0015,Female,43.0,Cleveland
Call_8038,C0004,70.0,R02,2023-09-29,29.0,2,September,C0004,Male,36.0,Cincinnati
Call_8039,C0009,93.0,R04,2023-09-30,170.0,2,September,C0009,Female,25.0,Columbus
Call_8040,C0004,120.0,R03,2023-09-30,68.0,3,September,C0004,Male,36.0,Cincinnati
Call_8041,C0011,96.0,R05,2023-09-30,195.0,3,September,C0011,Female,30.0,Cincinnati
Call_8042,C0014,67.0,R05,2023-09-30,96.0,4,September,C0014,Female,38.0,Columbus
Call_8043,C0015,119.0,R05,2023-09-30,96.0,3,September,C0015,Female,43.0,Cleveland
Call_8044,C0008,61.0,R01,2023-09-30,117.0,4,September,C0008,Female,42.0,Cleveland
Call_8045,C0011,29.0,R04,2023-09-30,80.0,5,September,C0011,Female,30.0,Cincinnati
Call_8046,C0002,134.0,R03,2023-09-30,117.0,4,September,C0002,Male,31.0,Cleveland
Call_8047,C0006,113.0,R05,2023-10-01,40.0,3,October,C0006,Male,23.0,Columbus
Call_8048,C0001,12.0,R03,2023-10-01,117.0,5,October,C0001,Male,41.0,Columbus
Call_8049,C0013,78.0,R04,2023-10-01,135.0,4,October,C0013,Female,37.0,Cleveland
Call_8050,C0015,82.0,R02,2023-10-01,99.0,4,October,C0015,Female,43.0,Cleveland
Call_8051,C0010,149.0,R01,2023-10-01,130.0,3,October,C0010,Female,30.0,Cleveland
Call_8052,C0007,56.0,R03,2023-10-01,96.0,5,October,C0007,Female,22.0,Cleveland
Call_8053,C0011,80.0,R01,2023-10-01,128.0,4,October,C0011,Female,30.0,Cincinnati
Call_8054,C0008,131.0,R05,2023-10-01,69.0,5,October,C0008,Female,42.0,Cleveland
Call_8055,C0008,109.0,R05,2023-10-01,44.0,5,October,C0008,Female,42.0,Cleveland
Call_8056,C0007,142.0,R05,2023-10-01,44.0,5,October,C0007,Female,22.0,Cleveland
Call_8057,C0009,114.0,R03,2023-10-02,135.0,2,October,C0009,Female,25.0,Columbus
Call_8058,C0014,93.0,R01,2023-10-02,45.0,4,October,C0014,Female,38.0,Columbus
Call_8059,C0001,43.0,R01,2023-10-02,87.0,3,October,C0001,Male,41.0,Columbus
Call_8060,C0002,78.0,R04,2023-10-03,84.0,5,October,C0002,Male,31.0,Cleveland
Call_8061,C0009,89.0,R05,2023-10-03,81.0,4,October,C0009,Female,25.0,Columbus
Call_8062,C0007,82.0,R02,2023-10-03,130.0,4,October,C0007,Female,22.0,Cleveland
Call_8063,C0011,86.0,R05,2023-10-04,92.0,2,October,C0011,Female,30.0,Cincinnati
Call_8064,C0012,57.0,R04,2023-10-04,48.0,4,October,C0012,Female,28.0,Cincinnati
Call_8065,C0014,103.0,R03,2023-10-04,160.0,4,October,C0014,Female,38.0,Columbus
Call_8066,C0013,138.0,R04,2023-10-05,155.0,3,October,C0013,Female,37.0,Cleveland
Call_8067,C0010,88.0,R02,2023-10-05,100.0,5,October,C0010,Female,30.0,Cleveland
Call_8068,C0009,118.0,R01,2023-10-05,56.0,4,October,C0009,Female,25.0,Columbus
Call_8069,C0011,4.0,R05,2023-10-05,170.0,4,October,C0011,Female,30.0,Cincinnati
Call_8070,C0001,78.0,R03,2023-10-06,74.0,4,October,C0001,Male,41.0,Columbus
Call_8071,C0006,69.0,R05,2023-10-06,99.0,3,October,C0006,Male,23.0,Columbus
Call_8072,C0007,90.0,R04,2023-10-06,84.0,4,October,C0007,Female,22.0,Cleveland
Call_8073,C0006,134.0,R05,2023-10-06,35.0,3,October,C0006,Male,23.0,Columbus
Call_8074,C0004,65.0,R01,2023-10-06,150.0,5,October,C0004,Male,36.0,Cincinnati
Call_8075,C0005,54.0,R03,2023-10-07,176.0,4,October,C0005,Male,37.0,Columbus
Call_8076,C0005,90.0,R03,2023-10-07,84.0,4,October,C0005,Male,37.0,Columbus
Call_8077,C0007,66.0,R03,2023-10-07,136.0,5,October,C0007,Female,22.0,Cleveland
Call_8078,C0011,150.0,R03,2023-10-08,70.0,4,October,C0011,Female,30.0,Cincinnati
Call_8079,C0002,18.0,R01,2023-10-08,96.0,5,October,C0002,Male,31.0,Cleveland
Call_8080,C0005,87.0,R01,2023-10-08,23.0,4,October,C0005,Male,37.0,Columbus
Call_8081,C0013,94.0,R03,2023-10-09,120.0,3,October,C0013,Female,37.0,Cleveland
Call_8082,C0012,56.0,R03,2023-10-09,205.0,3,October,C0012,Female,28.0,Cincinnati
Call_8083,C0009,41.0,R02,2023-10-10,42.0,4,October,C0009,Female,25.0,Columbus
Call_8084,C0011,119.0,R04,2023-10-10,111.0,4,October,C0011,Female,30.0,Cincinnati
Call_8085,C0014,108.0,R03,2023-10-10,68.0,2,October,C0014,Female,38.0,Columbus
Call_8086,C0001,63.0,R05,2023-10-10,172.0,5,October,C0001,Male,41.0,Columbus
Call_8087,C0015,59.0,R03,2023-10-10,152.0,5,October,C0015,Female,43.0,Cleveland
Call_8088,C0015,90.0,R02,2023-10-10,48.0,5,October,C0015,Female,43.0,Cleveland
Call_8089,C0010,55.0,R02,2023-10-10,25.0,5,October,C0010,Female,30.0,Cleveland
Call_8090,C0014,84.0,R04,2023-10-11,54.0,3,October,C0014,Female,38.0,Columbus
Call_8091,C0014,150.0,R01,2023-10-11,108.0,5,October,C0014,Female,38.0,Columbus
Call_8092,C0008,69.0,R03,2023-10-11,36.0,4,October,C0008,Female,42.0,Cleveland
Call_8093,C0003,120.0,R02,2023-10-12,140.0,5,October,C0003,Male,26.0,Cincinnati
Call_8094,C0005,126.0,R04,2023-10-12,50.0,5,October,C0005,Male,37.0,Columbus
Call_8095,C0008,120.0,R05,2023-10-12,195.0,4,October,C0008,Female,42.0,Cleveland
Call_8096,C0005,139.0,R02,2023-10-13,48.0,5,October,C0005,Male,37.0,Columbus
Call_8097,C0010,124.0,R03,2023-10-14,29.0,5,October,C0010,Female,30.0,Cleveland
Call_8098,C0003,108.0,R05,2023-10-14,44.0,5,October,C0003,Male,26.0,Cincinnati
Call_8099,C0004,132.0,R01,2023-10-14,140.0,4,October,C0004,Male,36.0,Cincinnati
Call_8100,C0001,67.0,R01,2023-10-14,105.0,4,October,C0001,Male,41.0,Columbus
Call_8101,C0007,125.0,R01,2023-10-14,82.0,5,October,C0007,Female,22.0,Cleveland
Call_8102,C0003,23.0,R05,2023-10-14,24.0,3,October,C0003,Male,26.0,Cincinnati
Call_8103,C0011,131.0,R03,2023-10-15,205.0,5,October,C0011,Female,30.0,Cincinnati
Call_8104,C0004,56.0,R02,2023-10-15,225.0,5,October,C0004,Male,36.0,Cincinnati
Call_8105,C0011,70.0,R03,2023-10-15,50.0,3,October,C0011,Female,30.0,Cincinnati
Call_8106,C0011,55.0,R01,2023-10-15,80.0,4,October,C0011,Female,30.0,Cincinnati
Call_8107,C0007,77.0,R02,2023-10-15,78.0,4,October,C0007,Female,22.0,Cleveland
Call_8108,C0014,133.0,R03,2023-10-16,40.0,4,October,C0014,Female,38.0,Columbus
Call_8109,C0007,77.0,R02,2023-10-16,176.0,2,October,C0007,Female,22.0,Cleveland
Call_8110,C0015,103.0,R03,2023-10-16,78.0,3,October,C0015,Female,43.0,Cleveland
Call_8111,C0008,32.0,R02,2023-10-16,42.0,4,October,C0008,Female,42.0,Cleveland
Call_8112,C0014,30.0,R03,2023-10-16,38.0,4,October,C0014,Female,38.0,Columbus
Call_8113,C0005,87.0,R04,2023-10-16,27.0,4,October,C0005,Male,37.0,Columbus
Call_8114,C0007,137.0,R05,2023-10-17,45.0,4,October,C0007,Female,22.0,Cleveland
Call_8115,C0013,96.0,R03,2023-10-17,215.0,4,October,C0013,Female,37.0,Cleveland
Call_8116,C0010,155.0,R03,2023-10-18,72.0,5,October,C0010,Female,30.0,Cleveland
Call_8117,C0014,173.0,R01,2023-10-18,160.0,3,October,C0014,Female,38.0,Columbus
Call_8118,C0010,127.0,R03,2023-10-18,165.0,2,October,C0010,Female,30.0,Cleveland
Call_8119,C0004,117.0,R01,2023-10-18,120.0,3,October,C0004,Male,36.0,Cincinnati
Call_8120,C0003,133.0,R02,2023-10-18,117.0,5,October,C0003,Male,26.0,Cincinnati
Call_8121,C0002,166.0,R04,2023-10-19,29.0,4,October,C0002,Male,31.0,Cleveland
Call_8122,C0003,50.0,R01,2023-10-19,64.0,4,October,C0003,Male,26.0,Cincinnati
Call_8123,C0015,43.0,R02,2023-10-19,84.0,4,October,C0015,Female,43.0,Cleveland
Call_8124,C0013,124.0,R03,2023-10-19,42.0,4,October,C0013,Female,37.0,Cleveland
Call_8125,C0014,94.0,R03,2023-10-19,120.0,4,October,C0014,Female,38.0,Columbus
Call_8126,C0015,126.0,R04,2023-10-20,80.0,5,October,C0015,Female,43.0,Cleveland
Call_8127,C0002,105.0,R01,2023-10-20,185.0,4,October,C0002,Male,31.0,Cleveland
Call_8128,C0011,60.0,R05,2023-10-21,135.0,4,October,C0011,Female,30.0,Cincinnati
Call_8129,C0011,72.0,R01,2023-10-21,20.0,5,October,C0011,Female,30.0,Cincinnati
Call_8130,C0012,40.0,R01,2023-10-21,31.0,4,October,C0012,Female,28.0,Cincinnati
Call_8131,C0008,54.0,R04,2023-10-22,120.0,5,October,C0008,Female,42.0,Cleveland
Call_8132,C0004,81.0,R02,2023-10-22,117.0,4,October,C0004,Male,36.0,Cincinnati
Call_8133,C0008,76.0,R03,2023-10-22,80.0,4,October,C0008,Female,42.0,Cleveland
Call_8134,C0008,37.0,R05,2023-10-23,117.0,4,October,C0008,Female,42.0,Cleveland
Call_8135,C0002,96.0,R04,2023-10-23,60.0,4,October,C0002,Male,31.0,Cleveland
Call_8136,C0011,19.0,R03,2023-10-24,58.0,4,October,C0011,Female,30.0,Cincinnati
Call_8137,C0012,72.0,R05,2023-10-24,41.0,4,October,C0012,Female,28.0,Cincinnati
Call_8138,C0014,73.0,R02,2023-10-24,180.0,4,October,C0014,Female,38.0,Columbus
Call_8139,C0001,87.0,R02,2023-10-24,42.0,4,October,C0001,Male,41.0,Columbus
Call_8140,C0001,68.0,R02,2023-10-25,24.0,4,October,C0001,Male,41.0,Columbus
Call_8141,C0012,101.0,R02,2023-10-25,125.0,4,October,C0012,Female,28.0,Cincinnati
Call_8142,C0012,107.0,R05,2023-10-26,78.0,4,October,C0012,Female,28.0,Cincinnati
Call_8143,C0009,109.0,R01,2023-10-26,180.0,4,October,C0009,Female,25.0,Columbus
Call_8144,C0013,171.0,R05,2023-10-26,84.0,4,October,C0013,Female,37.0,Cleveland
Call_8145,C0011,21.0,R05,2023-10-26,26.0,5,October,C0011,Female,30.0,Cincinnati
Call_8146,C0004,94.0,R05,2023-10-27,140.0,4,October,C0004,Male,36.0,Cincinnati
Call_8147,C0014,97.0,R01,2023-10-27,31.0,2,October,C0014,Female,38.0,Columbus
Call_8148,C0002,72.0,R01,2023-10-27,108.0,5,October,C0002,Male,31.0,Cleveland
Call_8149,C0013,143.0,R04,2023-10-28,58.0,4,October,C0013,Female,37.0,Cleveland
Call_8150,C0013,64.0,R01,2023-10-28,185.0,2,October,C0013,Female,37.0,Cleveland
Call_8151,C0013,69.0,R01,2023-10-28,40.0,5,October,C0013,Female,37.0,Cleveland
Call_8152,C0013,18.0,R03,2023-10-28,225.0,3,October,C0013,Female,37.0,Cleveland
Call_8153,C0014,100.0,R04,2023-10-28,150.0,3,October,C0014,Female,38.0,Columbus
Call_8154,C0010,110.0,R02,2023-10-29,88.0,3,October,C0010,Female,30.0,Cleveland
Call_8155,C0006,41.0,R05,2023-10-29,140.0,4,October,C0006,Male,23.0,Columbus
Call_8156,C0010,147.0,R02,2023-10-29,68.0,2,October,C0010,Female,30.0,Cleveland
Call_8157,C0004,31.0,R03,2023-10-30,105.0,4,October,C0004,Male,36.0,Cincinnati
Call_8158,C0001,142.0,R05,2023-10-30,40.0,4,October,C0001,Male,41.0,Columbus
Call_8159,C0009,61.0,R05,2023-10-30,82.0,3,October,C0009,Female,25.0,Columbus
Call_8160,C0003,86.0,R03,2023-10-31,90.0,4,October,C0003,Male,26.0,Cincinnati
Call_8161,C0005,165.0,R04,2023-11-01,66.0,5,November,C0005,Male,37.0,Columbus
Call_8162,C0008,62.0,R02,2023-11-01,78.0,4,November,C0008,Female,42.0,Cleveland
Call_8163,C0014,103.0,R04,2023-11-02,66.0,4,November,C0014,Female,38.0,Columbus
Call_8164,C0001,56.0,R03,2023-11-03,160.0,4,November,C0001,Male,41.0,Columbus
Call_8165,C0012,114.0,R05,2023-11-04,144.0,4,November,C0012,Female,28.0,Cincinnati
Call_8166,C0001,112.0,R01,2023-11-04,200.0,5,November,C0001,Male,41.0,Columbus
Call_8167,C0007,52.0,R02,2023-11-06,220.0,5,November,C0007,Female,22.0,Cleveland
Call_8168,C0014,105.0,R04,2023-11-07,112.0,3,November,C0014,Female,38.0,Columbus
Call_8169,C0005,91.0,R03,2023-11-07,110.0,4,November,C0005,Male,37.0,Columbus
Call_8170,C0015,74.0,R05,2023-11-08,160.0,3,November,C0015,Female,43.0,Cleveland
Call_8171,C0015,30.0,R03,2023-11-08,84.0,4,November,C0015,Female,43.0,Cleveland
Call_8172,C0005,56.0,R02,2023-11-08,124.0,3,November,C0005,Male,37.0,Columbus
Call_8173,C0015,151.0,R01,2023-11-08,84.0,5,November,C0015,Female,43.0,Cleveland
Call_8174,C0004,108.0,R04,2023-11-09,130.0,3,November,C0004,Male,36.0,Cincinnati
Call_8175,C0012,124.0,R05,2023-11-09,215.0,4,November,C0012,Female,28.0,Cincinnati
Call_8176,C0014,110.0,R02,2023-11-10,132.0,4,November,C0014,Female,38.0,Columbus
Call_8177,C0010,89.0,R04,2023-11-10,88.0,5,November,C0010,Female,30.0,Cleveland
Call_8178,C0003,95.0,R02,2023-11-10,140.0,4,November,C0003,Male,26.0,Cincinnati
Call_8179,C0015,84.0,R04,2023-11-11,66.0,5,November,C0015,Female,43.0,Cleveland
Call_8180,C0002,89.0,R05,2023-11-11,23.0,4,November,C0002,Male,31.0,Cleveland
Call_8181,C0010,146.0,R05,2023-11-12,220.0,4,November,C0010,Female,30.0,Cleveland
Call_8182,C0013,62.0,R03,2023-11-13,175.0,4,November,C0013,Female,37.0,Cleveland
Call_8183,C0001,82.0,R05,2023-11-13,172.0,4,November,C0001,Male,41.0,Columbus
Call_8184,C0009,91.0,R01,2023-11-13,108.0,4,November,C0009,Female,25.0,Columbus
Call_8185,C0002,39.0,R05,2023-11-14,43.0,4,November,C0002,Male,31.0,Cleveland
Call_8186,C0010,149.0,R02,2023-11-14,44.0,2,November,C0010,Female,30.0,Cleveland
Call_8187,C0001,138.0,R03,2023-11-14,105.0,4,November,C0001,Male,41.0,Columbus
Call_8188,C0013,113.0,R02,2023-11-15,34.0,4,November,C0013,Female,37.0,Cleveland
Call_8189,C0011,88.0,R05,2023-11-15,220.0,4,November,C0011,Female,30.0,Cincinnati
Call_8190,C0003,64.0,R03,2023-11-15,225.0,5,November,C0003,Male,26.0,Cincinnati
Call_8191,C0005,53.0,R03,2023-11-16,37.0,4,November,C0005,Male,37.0,Columbus
Call_8192,C0012,63.0,R02,2023-11-16,44.0,5,November,C0012,Female,28.0,Cincinnati
Call_8193,C0007,54.0,R02,2023-11-17,35.0,3,November,C0007,Female,22.0,Cleveland
Call_8194,C0012,54.0,R05,2023-11-17,145.0,3,November,C0012,Female,28.0,Cincinnati
Call_8195,C0010,71.0,R03,2023-11-17,64.0,4,November,C0010,Female,30.0,Cleveland
Call_8196,C0012,93.0,R05,2023-11-18,185.0,4,November,C0012,Female,28.0,Cincinnati
Call_8197,C0014,96.0,R02,2023-11-18,215.0,2,November,C0014,Female,38.0,Columbus
Call_8198,C0002,31.0,R01,2023-11-18,88.0,3,November,C0002,Male,31.0,Cleveland
Call_8199,C0012,107.0,R03,2023-11-18,23.0,3,November,C0012,Female,28.0,Cincinnati
Call_8200,C0005,50.0,R01,2023-11-19,180.0,2,November,C0005,Male,37.0,Columbus
Call_8201,C0001,69.0,R03,2023-11-20,225.0,4,November,C0001,Male,41.0,Columbus
Call_8202,C0011,26.0,R02,2023-11-21,74.0,4,November,C0011,Female,30.0,Cincinnati
Call_8203,C0014,158.0,R03,2023-11-21,36.0,3,November,C0014,Female,38.0,Columbus
Call_8204,C0007,99.0,R03,2023-11-23,116.0,4,November,C0007,Female,22.0,Cleveland
Call_8205,C0014,78.0,R01,2023-11-23,140.0,4,November,C0014,Female,38.0,Columbus
Call_8206,C0014,102.0,R02,2023-11-24,104.0,4,November,C0014,Female,38.0,Columbus
Call_8207,C0007,158.0,R04,2023-11-24,148.0,4,November,C0007,Female,22.0,Cleveland
Call_8208,C0002,56.0,R03,2023-11-24,205.0,4,November,C0002,Male,31.0,Cleveland
Call_8209,C0004,17.0,R05,2023-11-24,210.0,5,November,C0004,Male,36.0,Cincinnati
Call_8210,C0011,104.0,R04,2023-11-26,41.0,5,November,C0011,Female,30.0,Cincinnati
Call_8211,C0015,96.0,R01,2023-11-26,136.0,5,November,C0015,Female,43.0,Cleveland
Call_8212,C0009,83.0,R02,2023-11-27,126.0,2,November,C0009,Female,25.0,Columbus
Call_8213,C0005,80.0,R05,2023-11-28,148.0,4,November,C0005,Male,37.0,Columbus
Call_8214,C0009,152.0,R02,2023-11-28,125.0,4,November,C0009,Female,25.0,Columbus
Call_8215,C0010,34.0,R01,2023-11-28,25.0,4,November,C0010,Female,30.0,Cleveland
Call_8216,C0013,2.0,R03,2023-11-29,62.0,3,November,C0013,Female,37.0,Cleveland
Call_8217,C0005,140.0,R01,2023-11-30,90.0,5,November,C0005,Male,37.0,Columbus
Call_8218,C0004,126.0,R04,2023-12-01,33.0,5,December,C0004,Male,36.0,Cincinnati
Call_8219,C0014,79.0,R03,2023-12-01,115.0,2,December,C0014,Female,38.0,Columbus
Call_8220,C0004,133.0,R04,2023-12-01,45.0,3,December,C0004,Male,36.0,Cincinnati
Call_8221,C0010,97.0,R05,2023-12-01,114.0,5,December,C0010,Female,30.0,Cleveland
Call_8222,C0014,102.0,R02,2023-12-02,72.0,4,December,C0014,Female,38.0,Columbus
Call_8223,C0006,62.0,R05,2023-12-02,205.0,4,December,C0006,Male,23.0,Columbus
Call_8224,C0004,149.0,R02,2023-12-03,42.0,3,December,C0004,Male,36.0,Cincinnati
Call_8225,C0013,133.0,R05,2023-12-03,96.0,4,December,C0013,Female,37.0,Cleveland
Call_8226,C0014,51.0,R03,2023-12-03,64.0,4,December,C0014,Female,38.0,Columbus
Call_8227,C0006,110.0,R05,2023-12-04,72.0,4,December,C0006,Male,23.0,Columbus
Call_8228,C0010,38.0,R04,2023-12-05,27.0,3,December,C0010,Female,30.0,Cleveland
Call_8229,C0013,78.0,R04,2023-12-07,200.0,2,December,C0013,Female,37.0,Cleveland
Call_8230,C0010,25.0,R02,2023-12-08,93.0,4,December,C0010,Female,30.0,Cleveland
Call_8231,C0012,50.0,R03,2023-12-08,54.0,4,December,C0012,Female,28.0,Cincinnati
Call_8232,C0010,103.0,R02,2023-12-09,72.0,3,December,C0010,Female,30.0,Cleveland
Call_8233,C0009,63.0,R01,2023-12-09,82.0,4,December,C0009,Female,25.0,Columbus
Call_8234,C0012,96.0,R03,2023-12-13,164.0,5,December,C0012,Female,28.0,Cincinnati
Call_8235,C0005,94.0,R02,2023-12-13,78.0,3,December,C0005,Male,37.0,Columbus
Call_8236,C0006,46.0,R04,2023-12-14,135.0,4,December,C0006,Male,23.0,Columbus
Call_8237,C0008,127.0,R03,2023-12-15,145.0,3,December,C0008,Female,42.0,Cleveland
Call_8238,C0007,96.0,R04,2023-12-15,115.0,5,December,C0007,Female,22.0,Cleveland
Call_8239,C0001,151.0,R02,2023-12-15,117.0,2,December,C0001,Male,41.0,Columbus
Call_8240,C0008,158.0,R05,2023-12-16,36.0,5,December,C0008,Female,42.0,Cleveland
Call_8241,C0005,45.0,R05,2023-12-16,84.0,3,December,C0005,Male,37.0,Columbus
Call_8242,C0002,141.0,R05,2023-12-16,66.0,3,December,C0002,Male,31.0,Cleveland
Call_8243,C0010,147.0,R04,2023-12-16,76.0,5,December,C0010,Female,30.0,Cleveland
Call_8244,C0015,126.0,R04,2023-12-16,185.0,5,December,C0015,Female,43.0,Cleveland
Call_8245,C0005,126.0,R01,2023-12-17,80.0,5,December,C0005,Male,37.0,Columbus
Call_8246,C0013,32.0,R04,2023-12-17,148.0,4,December,C0013,Female,37.0,Cleveland
Call_8247,C0005,84.0,R03,2023-12-19,180.0,5,December,C0005,Male,37.0,Columbus
Call_8248,C0009,120.0,R01,2023-12-20,190.0,4,December,C0009,Female,25.0,Columbus
Call_8249,C0011,93.0,R04,2023-12-20,38.0,4,December,C0011,Female,30.0,Cincinnati
Call_8250,C0007,76.0,R02,2023-12-21,82.0,2,December,C0007,Female,22.0,Cleveland
Call_8251,C0008,89.0,R04,2023-12-24,88.0,3,December,C0008,Female,42.0,Cleveland
Call_8252,C0014,91.0,R03,2023-12-24,42.0,4,December,C0014,Female,38.0,Columbus
Call_8253,C0006,7.0,R05,2023-12-25,64.0,3,December,C0006,Male,23.0,Columbus
Call_8254,C0013,140.0,R05,2023-12-25,105.0,2,December,C0013,Female,37.0,Cleveland
Call_8255,C0004,58.0,R01,2023-12-25,25.0,4,December,C0004,Male,36.0,Cincinnati
Call_8256,C0003,90.0,R02,2023-12-26,176.0,4,December,C0003,Male,26.0,Cincinnati
Call_8257,C0003,106.0,R04,2023-12-27,46.0,5,December,C0003,Male,26.0,Cincinnati
Call_8258,C0009,72.0,R05,2023-12-27,164.0,5,December,C0009,Female,25.0,Columbus
Call_8259,C0006,124.0,R05,2023-12-28,64.0,4,December,C0006,Male,23.0,Columbus
Call_8260,C0002,86.0,R03,2023-12-28,205.0,4,December,C0002,Male,31.0,Cleveland
Call_8261,C0005,164.0,R03,2023-12-29,100.0,5,December,C0005,Male,37.0,Columbus
Call_8262,C0011,40.0,R02,2023-12-29,111.0,5,December,C0011,Female,30.0,Cincinnati
Call_8263,C0014,76.0,R01,2023-12-29,80.0,4,December,C0014,Female,38.0,Columbus
Call_8264,C0006,95.0,R04,2023-12-29,50.0,3,December,C0006,Male,23.0,Columbus
Call_8265,C0014,113.0,R05,2023-12-30,165.0,5,December,C0014,Female,38.0,Columbus
Call_8266,C0002,81.0,R05,2023-12-30,28.0,4,December,C0002,Male,31.0,Cleveland
Call_8267,C0007,127.0,R04,2023-12-30,215.0,4,December,C0007,Female,22.0,Cleveland
Call_8268,C0013,146.0,R05,2023-12-31,115.0,2,December,C0013,Female,37.0,Cleveland
Call_8269,C0010,123.0,R05,2023-12-31,64.0,4,December,C0010,Female,30.0,Cleveland
Call_8270,C0009,114.0,R01,2023-12-31,40.0,4,December,C0009,Female,25.0,Columbus
